-- MySQL dump 10.13  Distrib 8.0.29, for Linux (x86_64)
--
-- Host: localhost    Database: kfet
-- ------------------------------------------------------
-- Server version	8.0.29-0ubuntu0.20.04.3

/*!40101 SET @OLD_CHARACTER_SET_CLIENT=@@CHARACTER_SET_CLIENT */;
/*!40101 SET @OLD_CHARACTER_SET_RESULTS=@@CHARACTER_SET_RESULTS */;
/*!40101 SET @OLD_COLLATION_CONNECTION=@@COLLATION_CONNECTION */;
/*!50503 SET NAMES utf8mb4 */;
/*!40103 SET @OLD_TIME_ZONE=@@TIME_ZONE */;
/*!40103 SET TIME_ZONE='+00:00' */;
/*!40014 SET @OLD_UNIQUE_CHECKS=@@UNIQUE_CHECKS, UNIQUE_CHECKS=0 */;
/*!40014 SET @OLD_FOREIGN_KEY_CHECKS=@@FOREIGN_KEY_CHECKS, FOREIGN_KEY_CHECKS=0 */;
/*!40101 SET @OLD_SQL_MODE=@@SQL_MODE, SQL_MODE='NO_AUTO_VALUE_ON_ZERO' */;
/*!40111 SET @OLD_SQL_NOTES=@@SQL_NOTES, SQL_NOTES=0 */;

--
-- Table structure for table `baristas`
--

DROP TABLE IF EXISTS `baristas`;
/*!40101 SET @saved_cs_client     = @@character_set_client */;
/*!50503 SET character_set_client = utf8mb4 */;
CREATE TABLE `baristas` (
  `id` int NOT NULL AUTO_INCREMENT,
  `user_id` int NOT NULL,
  `class` char(255) NOT NULL DEFAULT '',
  `photo` char(255) NOT NULL DEFAULT 'undefined.jpg',
  PRIMARY KEY (`id`)
) ENGINE=MyISAM AUTO_INCREMENT=61 DEFAULT CHARSET=utf8mb3;
/*!40101 SET character_set_client = @saved_cs_client */;

--
-- Dumping data for table `baristas`
--

LOCK TABLES `baristas` WRITE;
/*!40000 ALTER TABLE `baristas` DISABLE KEYS */;
INSERT INTO `baristas` VALUES (7,1,'4A Astre','Tom de Pasquale.jpg'),(15,28,'Inconnue','Barista.svg'),(30,44,'5A VA','Maël Penicaud.jpg'),(28,41,'4A IPS','Louise Goutagny.jpg'),(59,138,'4A VAC','Quentin Brabant.jpg'),(60,61,'3A Vac','Mathilde Golly.svg'),(32,62,'3A Info','Alexandre Desbourdelles .jpg'),(33,63,'3A','Julien Issert.svg'),(34,64,'3A Info','Valentin Giorgetti.svg'),(35,65,'4A Alternant','Clément Larcade.svg'),(39,47,'4A IPS','Juliette Le Meudec.svg'),(40,48,'5A Alternant','Lucien Guerbigny.svg'),(41,49,'4A VA','Thibault Furic.svg'),(42,50,'4A VA','Jules Voyer.svg'),(43,51,'5A VA','Numa Galipot.svg'),(44,52,'5A VA','Loic Girardot.svg'),(45,53,'3A VAC','Nicolas Desestres.svg'),(46,54,'5A Alternante','Camilia Fachat.svg'),(47,55,'2A','Titouan Mouton.svg'),(48,56,'4A Alternante','Lise Rouy.svg'),(49,58,'3A VAC','Coline Renaud.svg'),(50,59,'5A VA','Raphael Jeanvoine.svg'),(51,60,'3A VAC','Thomas Serafino.svg'),(54,63,'3A','Julien Issert.svg'),(55,64,'3A Info','Valentin Giorgetti.svg'),(56,65,'4A Alternant','Clément Larcade.svg'),(57,176,'3A VAC','Camille Urban.svg'),(58,181,'3A VAC','Gwendal Le Berre.jpg');
/*!40000 ALTER TABLE `baristas` ENABLE KEYS */;
UNLOCK TABLES;

--
-- Table structure for table `events`
--

DROP TABLE IF EXISTS `events`;
/*!40101 SET @saved_cs_client     = @@character_set_client */;
/*!50503 SET character_set_client = utf8mb4 */;
CREATE TABLE `events` (
  `id` int NOT NULL AUTO_INCREMENT,
  `name` varchar(50) NOT NULL,
  `image` varchar(255) NOT NULL,
  PRIMARY KEY (`id`)
) ENGINE=MyISAM AUTO_INCREMENT=6 DEFAULT CHARSET=utf8mb3;
/*!40101 SET character_set_client = @saved_cs_client */;

--
-- Dumping data for table `events`
--

LOCK TABLES `events` WRITE;
/*!40000 ALTER TABLE `events` DISABLE KEYS */;
/*!40000 ALTER TABLE `events` ENABLE KEYS */;
UNLOCK TABLES;

--
-- Table structure for table `item_orders`
--

DROP TABLE IF EXISTS `item_orders`;
/*!40101 SET @saved_cs_client     = @@character_set_client */;
/*!50503 SET character_set_client = utf8mb4 */;
CREATE TABLE `item_orders` (
  `id` int NOT NULL AUTO_INCREMENT,
  `order_id` int NOT NULL,
  `product_id` int NOT NULL,
  `quantity` int NOT NULL,
  PRIMARY KEY (`id`)
) ENGINE=MyISAM AUTO_INCREMENT=2799 DEFAULT CHARSET=utf8mb3;
/*!40101 SET character_set_client = @saved_cs_client */;

--
-- Dumping data for table `item_orders`
--

LOCK TABLES `item_orders` WRITE;
/*!40000 ALTER TABLE `item_orders` DISABLE KEYS */;
INSERT INTO `item_orders` VALUES (67,62,47,1),(66,61,17,2),(65,60,20,1),(64,59,20,2),(63,58,18,1),(62,57,17,2),(61,56,18,1),(60,55,26,1),(59,54,17,2),(68,63,17,3),(69,64,8,11),(70,65,8,1),(71,66,8,1),(72,67,8,1),(73,68,8,1),(74,69,8,1),(75,70,8,1),(76,71,8,1),(77,72,8,1),(78,73,8,2),(79,74,17,1),(80,75,47,1),(81,76,47,1),(82,77,17,1),(83,78,17,1),(84,79,19,1),(85,80,20,1),(86,80,8,4),(87,81,47,1),(88,81,21,3),(89,81,8,4),(90,81,18,1),(91,82,8,2),(92,83,8,10),(93,84,8,10),(94,85,8,10),(95,86,8,3),(96,87,47,1),(97,88,22,1),(98,88,47,1),(99,89,16,1),(100,90,47,1),(101,91,47,1),(102,92,16,1),(103,93,47,1),(104,94,19,2),(105,94,47,1),(106,95,36,1),(107,96,77,1),(108,97,40,2),(109,98,40,4),(110,98,47,2),(111,99,20,1),(112,100,20,1),(113,101,16,1),(114,102,16,1),(115,103,38,1),(116,104,38,1),(117,105,38,1),(118,106,16,1),(119,106,20,1),(120,107,47,1),(121,108,19,1),(122,109,8,1),(123,110,20,1),(124,110,16,1),(125,111,16,1),(126,112,36,1),(127,113,47,1),(128,114,16,1),(129,115,36,1),(130,116,47,1),(131,117,16,1),(132,118,16,2),(133,118,22,1),(134,118,39,1),(135,118,8,1),(136,119,20,1),(137,119,16,1),(138,120,20,1),(139,120,8,1),(140,121,20,1),(141,121,16,1),(142,122,47,2),(143,123,47,1),(144,124,47,1),(145,125,20,1),(146,126,47,1),(147,127,19,1),(148,127,39,1),(149,128,20,1),(150,128,30,1),(151,128,77,1),(152,128,24,1),(153,129,19,1),(154,129,47,1),(155,130,16,2),(156,130,22,2),(157,131,19,1),(158,132,47,2),(159,133,16,1),(160,134,16,1),(161,135,19,1),(162,135,47,2),(163,136,8,1),(164,137,16,1),(165,138,47,1),(166,139,47,1),(167,140,16,1),(168,141,20,1),(169,142,20,1),(170,143,20,1),(171,144,20,1),(172,144,20,1),(173,146,16,1),(174,146,20,1),(175,147,20,1),(176,148,16,1),(177,149,47,2),(178,150,47,1),(179,151,19,1),(180,152,19,2),(181,152,47,3),(182,153,16,1),(183,154,75,1),(184,155,8,1),(185,156,47,1),(186,157,20,1),(187,158,16,1),(188,159,20,1),(189,160,19,1),(190,161,20,1),(191,162,47,2),(192,163,16,1),(193,163,36,1),(194,164,16,1),(195,165,16,1),(196,166,47,2),(197,167,16,2),(198,167,47,1),(199,168,19,1),(200,169,16,1),(201,170,16,1),(202,170,39,1),(203,171,36,1),(204,172,19,3),(205,173,20,1),(206,173,16,1),(207,174,47,1),(208,175,16,1),(209,176,36,1),(210,177,47,1),(211,178,16,1),(212,179,16,6),(213,180,16,1),(214,180,36,1),(215,181,16,1),(216,181,39,1),(217,182,16,1),(218,183,16,1),(219,184,75,2),(220,185,47,1),(221,186,25,1),(222,187,18,1),(223,188,22,1),(224,189,36,1),(225,189,19,1),(226,190,20,1),(227,190,16,1),(228,191,20,1),(229,191,16,1),(230,192,16,1),(231,193,47,1),(232,194,16,1),(233,195,8,1),(234,196,16,1),(235,197,8,1),(236,198,47,2),(237,199,19,1),(238,200,16,1),(239,201,39,1),(240,202,19,1),(241,203,16,1),(242,204,47,2),(243,205,16,1),(244,206,16,1),(245,207,16,21),(246,208,19,1),(247,209,19,1),(248,210,47,1),(249,211,19,1),(250,212,16,3),(251,213,21,1),(252,214,16,1),(253,215,20,1),(254,216,20,1),(255,216,8,1),(256,216,30,1),(257,217,47,1),(258,217,20,1),(259,218,20,1),(260,219,47,1),(261,219,20,1),(262,220,20,1),(263,221,20,2),(264,222,47,1),(265,223,47,1),(266,224,19,1),(267,225,16,1),(268,226,75,3),(269,227,19,2),(270,228,47,1),(271,229,47,1),(272,229,34,1),(273,230,19,1),(274,231,79,1),(275,232,20,2),(276,233,47,1),(277,234,47,1),(278,235,16,8),(279,235,19,3),(280,235,20,2),(281,235,28,2),(282,236,22,1),(283,237,47,1),(284,238,16,1),(285,238,36,1),(286,239,39,6),(287,239,47,1),(288,240,47,1),(289,240,20,1),(290,241,20,2),(291,242,47,1),(292,243,20,2),(293,244,20,1),(294,245,16,1),(295,246,16,1),(296,247,47,2),(297,248,19,2),(298,248,47,5),(299,249,79,1),(300,250,47,1),(301,250,20,1),(302,251,47,1),(303,252,47,1),(304,253,19,1),(305,253,75,1),(306,253,47,1),(307,254,19,1),(308,255,16,1),(309,255,47,1),(310,256,39,1),(311,257,47,2),(312,258,16,1),(313,259,16,1),(314,260,16,1),(315,261,16,1),(316,262,16,1),(317,263,47,1),(318,264,75,1),(319,265,19,1),(320,265,47,1),(321,266,19,1),(322,267,19,1),(323,268,39,1),(324,269,18,1),(325,270,20,1),(326,271,20,1),(327,272,20,1),(328,272,21,1),(329,273,16,1),(330,274,47,2),(331,275,31,1),(332,276,16,1),(333,277,36,2),(334,277,18,1),(335,278,24,1),(336,278,18,1),(337,279,19,1),(338,280,32,1),(339,281,34,1),(340,282,22,1),(341,282,18,1),(342,283,18,1),(343,283,47,3),(344,284,16,3),(345,285,16,1),(346,286,39,1),(347,287,36,1),(348,288,36,1),(349,289,16,2),(350,289,36,1),(351,289,18,1),(352,290,22,1),(353,290,47,1),(354,291,16,3),(355,291,18,2),(356,291,19,2),(357,291,22,1),(358,291,29,3),(359,291,31,1),(360,291,38,2),(361,292,39,1),(362,292,18,1),(363,293,20,1),(364,294,20,1),(365,295,79,1),(366,296,20,1),(367,297,20,1),(368,298,47,1),(369,299,16,2),(370,300,16,1),(371,301,16,3),(372,301,20,1),(373,302,16,1),(374,303,36,1),(375,304,36,1),(376,305,18,1),(377,306,16,1),(378,306,38,1),(379,307,47,1),(380,308,19,1),(381,309,39,1),(382,310,18,1),(383,311,16,1),(384,311,22,1),(385,312,37,1),(386,313,16,1),(387,314,16,2),(388,315,16,1),(389,316,47,1),(390,317,47,2),(391,318,19,1),(392,319,31,1),(393,319,18,1),(394,320,24,1),(395,321,16,1),(396,322,24,1),(397,323,16,1),(398,324,22,1),(399,324,47,1),(400,325,16,1),(401,326,16,1),(402,327,47,1),(403,328,47,1),(404,329,22,30),(405,330,16,1),(406,331,39,5),(407,332,22,1),(408,332,47,1),(409,333,16,2),(410,333,19,1),(411,333,29,1),(412,333,36,1),(413,334,16,1),(414,334,36,1),(415,334,37,1),(416,335,79,1),(417,336,79,1),(418,337,20,1),(419,338,20,1),(420,339,47,1),(421,339,20,1),(422,340,47,1),(423,340,35,1),(424,340,8,1),(425,340,39,2),(426,340,78,1),(427,341,16,1),(428,342,39,1),(429,343,79,1),(430,344,79,1),(431,345,19,2),(432,345,47,5),(433,346,20,1),(434,347,16,1),(435,348,47,1),(436,349,22,1),(437,350,47,2),(438,350,20,1),(439,351,24,1),(440,351,37,1),(441,351,47,1),(442,352,16,1),(443,352,19,1),(444,353,16,1),(445,354,18,1),(446,354,16,1),(447,356,47,1),(448,357,38,1),(449,357,47,1),(450,358,16,1),(451,359,16,1),(452,360,16,1),(453,360,22,1),(454,361,47,1),(455,362,16,1),(456,362,38,1),(457,363,22,1),(458,364,16,1),(459,365,16,1),(460,366,22,1),(461,367,37,2),(462,367,47,1),(463,368,16,1),(464,369,16,1),(465,370,19,1),(466,371,19,1),(467,372,25,1),(468,372,19,1),(469,373,16,1),(470,374,16,1),(471,375,28,1),(472,375,38,1),(473,375,31,1),(474,376,24,1),(475,377,18,1),(476,378,16,1),(477,379,22,1),(478,380,31,1),(479,381,20,1),(480,382,16,1),(481,383,20,2),(482,384,47,1),(483,384,20,1),(484,385,20,1),(485,386,79,1),(486,387,20,1),(487,388,79,1),(488,389,16,1),(489,390,79,1),(490,391,20,1),(491,392,21,1),(492,393,20,1),(493,393,47,1),(494,394,79,1),(495,394,19,2),(496,394,47,2),(497,395,36,1),(498,396,16,1),(499,397,16,1),(500,398,34,2),(501,399,19,1),(502,400,37,1),(503,400,47,1),(504,401,16,1),(505,402,39,5),(506,403,20,1),(507,404,16,1),(508,405,22,1),(509,406,36,1),(510,407,8,1),(511,408,36,1),(512,409,16,1),(513,409,24,1),(514,410,39,4),(515,411,24,1),(516,412,39,1),(517,413,39,1),(518,414,19,1),(519,414,39,1),(520,415,36,1),(521,416,39,4),(522,417,22,1),(523,417,47,1),(524,418,47,1),(525,419,19,1),(526,420,47,1),(527,421,24,1),(528,421,47,2),(529,422,17,1),(530,423,16,1),(531,424,16,1),(532,425,36,1),(533,425,39,1),(534,426,39,1),(535,427,16,1),(536,428,16,1),(537,429,28,2),(538,430,28,2),(539,430,16,2),(540,431,39,1),(541,432,16,3),(542,433,47,2),(543,433,24,1),(544,434,31,1),(545,435,76,1),(546,436,16,1),(547,437,47,1),(548,438,47,1),(549,439,47,2),(550,440,47,1),(551,441,22,1),(552,442,16,1),(553,443,16,2),(554,444,19,1),(555,445,28,1),(556,445,19,1),(557,446,16,2),(558,447,24,1),(559,448,16,1),(560,449,16,1),(561,450,16,1),(562,451,16,1),(563,452,39,1),(564,453,16,1),(565,454,28,1),(566,454,39,1),(567,455,22,1),(568,455,47,1),(569,456,16,1),(570,457,16,1),(571,458,19,1),(572,459,39,1),(573,460,16,1),(574,461,35,1),(575,462,16,1),(576,463,19,1),(577,464,16,1),(578,465,28,1),(579,466,35,1),(580,467,79,1),(581,468,47,1),(582,469,20,1),(583,469,47,3),(584,470,20,1),(585,471,79,1),(586,472,20,1),(587,473,20,1),(588,474,20,1),(589,474,47,1),(590,475,16,1),(591,476,79,1),(592,477,79,1),(593,478,21,1),(594,478,47,1),(595,479,47,1),(596,480,21,1),(597,480,17,1),(598,481,16,1),(599,481,79,1),(600,482,16,1),(601,483,16,1),(602,483,20,1),(603,484,20,1),(604,484,39,1),(605,485,20,1),(606,486,16,1),(607,487,47,1),(608,488,29,1),(609,489,16,1),(610,489,78,1),(611,490,16,1),(612,491,29,1),(613,491,19,1),(614,492,16,1),(615,493,47,1),(616,494,24,1),(617,495,16,1),(618,496,39,1),(619,497,8,1),(620,498,8,1),(621,499,16,1),(622,499,19,1),(623,500,36,1),(624,501,22,1),(625,501,47,1),(626,502,16,1),(627,503,16,10),(628,503,19,2),(629,503,20,4),(630,503,28,2),(631,503,29,2),(632,503,31,2),(633,503,36,2),(634,503,38,3),(635,503,39,2),(636,504,16,2),(637,505,47,1),(638,506,16,2),(639,506,39,2),(640,507,16,1),(641,508,16,1),(642,509,47,1),(643,510,16,1),(644,511,16,1),(645,511,36,1),(646,512,39,1),(647,513,16,1),(648,514,16,1),(649,514,39,1),(650,515,19,1),(651,516,19,1),(652,517,16,1),(653,518,16,1),(654,519,19,1),(655,520,16,1),(656,521,39,2),(657,522,31,1),(658,522,39,1),(659,523,24,1),(660,524,20,1),(661,524,28,1),(662,524,47,1),(663,524,39,3),(664,524,18,1),(665,525,39,2),(666,526,21,1),(667,526,18,2),(668,527,20,1),(669,528,79,1),(670,529,20,1),(671,530,20,2),(672,531,79,1),(673,532,47,1),(674,533,20,1),(675,534,20,1),(676,535,20,2),(677,536,20,1),(678,537,16,1),(679,538,16,1),(680,539,17,1),(681,540,19,1),(682,541,19,1),(683,542,39,1),(684,543,47,1),(685,544,47,1),(686,545,47,2),(687,545,20,1),(688,546,19,1),(689,547,19,1),(690,548,19,1),(691,549,18,1),(692,550,19,1),(693,551,17,1),(694,551,32,1),(695,552,20,1),(696,552,19,2),(697,553,17,1),(698,554,16,1),(699,554,19,1),(700,555,22,1),(701,556,39,1),(702,557,39,1),(703,558,20,1),(704,558,47,1),(705,559,28,1),(706,559,80,1),(707,560,28,1),(708,560,16,1),(709,560,39,1),(710,561,16,2),(711,562,19,2),(712,562,47,6),(713,563,19,1),(714,564,19,1),(715,565,19,2),(716,566,18,1),(717,567,24,1),(718,567,47,1),(719,568,19,1),(720,569,16,1),(721,570,22,1),(722,571,16,1),(723,572,22,1),(724,573,16,1),(725,574,16,2),(726,575,39,1),(727,576,39,1),(728,577,16,1),(729,578,8,1),(730,578,24,1),(731,579,16,1),(732,579,39,1),(733,580,16,1),(734,581,28,1),(735,582,39,1),(736,583,47,2),(737,584,34,1),(738,585,16,1),(739,586,47,1),(740,587,8,1),(741,588,47,1),(742,589,16,1),(743,590,16,1),(744,591,16,1),(745,592,47,1),(746,593,24,1),(747,594,16,1),(748,595,16,1),(749,596,16,1),(750,597,22,1),(751,598,16,1),(752,599,16,1),(753,600,16,3),(754,600,19,1),(755,600,38,1),(756,600,39,1),(757,601,30,1),(758,602,8,1),(759,603,18,1),(760,604,39,1),(761,604,18,1),(762,605,22,1),(763,606,16,1),(764,607,31,1),(765,607,79,1),(766,608,16,1),(767,609,21,1),(768,610,20,1),(769,611,20,1),(770,612,20,1),(771,612,16,1),(772,613,20,1),(773,614,21,1),(774,615,21,1),(775,616,20,2),(776,617,20,1),(777,618,20,1),(778,619,20,1),(779,620,20,1),(780,621,21,1),(781,622,20,1),(782,623,20,1),(783,624,20,1),(784,625,20,1),(785,626,20,1),(786,626,47,1),(787,627,79,1),(788,628,16,1),(789,629,16,1),(790,630,19,1),(791,631,47,2),(792,632,19,1),(793,633,16,1),(794,634,16,1),(795,634,47,1),(796,634,19,1),(797,636,20,1),(798,636,18,2),(799,637,16,1),(800,638,28,1),(801,639,34,1),(802,639,38,1),(803,640,21,1),(804,641,24,1),(805,641,47,1),(806,642,29,1),(807,642,22,1),(808,643,16,1),(809,644,75,2),(810,645,47,1),(811,646,19,1),(812,646,39,1),(813,647,20,1),(814,648,20,1),(815,649,39,1),(816,650,22,1),(817,651,78,1),(818,651,31,1),(819,652,22,1),(820,653,32,1),(821,654,39,2),(822,655,19,1),(823,656,18,1),(824,657,18,1),(825,658,78,1),(826,659,18,1),(827,660,16,1),(828,661,28,2),(829,662,39,1),(830,663,22,1),(831,664,47,1),(832,665,31,1),(833,666,16,1),(834,667,16,2),(835,667,47,1),(836,668,39,2),(837,669,16,1),(838,670,16,1),(839,671,47,1),(840,672,28,2),(841,672,16,1),(842,673,39,2),(843,673,39,2),(844,675,39,2),(845,676,36,2),(846,676,38,1),(847,676,35,1),(848,677,32,1),(849,678,36,1),(850,678,39,1),(851,679,38,1),(852,680,16,1),(853,681,16,1),(854,682,19,1),(855,683,18,1),(856,684,18,1),(857,685,8,1),(858,686,18,1),(859,687,19,1),(860,688,16,3),(861,688,19,1),(862,688,20,2),(863,688,28,1),(864,688,29,1),(865,688,30,1),(866,688,31,2),(867,688,39,2),(868,689,36,1),(869,690,20,3),(870,690,19,3),(871,690,39,2),(872,691,39,1),(873,692,39,1),(874,693,39,1),(875,694,19,1),(876,695,39,2),(877,696,16,1),(878,697,18,1),(879,698,19,1),(880,699,39,1),(881,700,35,1),(882,701,39,1),(883,702,19,1),(884,703,19,1),(885,703,30,1),(886,704,16,1),(887,705,21,1),(888,705,79,1),(889,707,20,1),(890,707,21,2),(891,708,20,1),(892,709,20,1),(893,710,80,1),(894,711,21,1),(895,712,20,2),(896,713,21,1),(897,714,79,1),(898,715,20,1),(899,716,19,1),(900,717,21,1),(901,717,20,1),(902,718,20,1),(903,718,47,1),(904,719,20,1),(905,720,75,1),(906,721,16,1),(907,722,16,1),(908,723,16,1),(909,724,20,1),(910,725,20,1),(911,726,20,1),(912,727,20,1),(913,728,20,2),(914,729,79,1),(915,730,79,1),(916,731,20,1),(917,732,16,1),(918,733,36,1),(919,733,39,1),(920,734,16,1),(921,734,39,2),(922,735,20,1),(923,736,16,1),(924,737,36,1),(925,738,47,1),(926,739,16,1),(927,740,47,2),(928,741,47,1),(929,742,29,1),(930,742,78,1),(931,742,37,1),(932,743,16,1),(933,744,47,2),(934,745,16,1),(935,746,18,1),(936,747,16,1),(937,748,47,5),(938,748,20,2),(939,749,18,1),(940,750,18,1),(941,751,19,1),(942,752,19,1),(943,753,19,1),(944,754,19,1),(945,755,47,1),(946,756,28,1),(947,757,19,1),(948,758,39,1),(949,759,18,1),(950,760,19,1),(951,761,38,1),(952,762,38,1),(953,763,29,1),(954,764,29,1),(955,765,29,1),(956,765,36,1),(957,767,38,1),(958,767,47,1),(959,768,22,5),(960,769,18,2),(961,770,36,1),(962,770,32,1),(963,770,47,1),(964,771,18,1),(965,772,29,1),(966,773,38,1),(967,773,39,2),(968,774,29,1),(969,774,31,1),(970,775,18,1),(971,775,29,1),(972,776,16,1),(973,777,24,1),(974,777,47,1),(975,778,24,1),(976,779,16,1),(977,780,16,1),(978,781,24,1),(979,782,16,1),(980,783,39,1),(981,784,47,1),(982,785,36,1),(983,786,18,1),(984,787,16,1),(985,787,39,1),(986,788,36,1),(987,789,28,2),(988,789,16,2),(989,790,16,1),(990,791,18,1),(991,792,39,1),(992,793,19,1),(993,794,19,1),(994,795,19,1),(995,796,16,1),(996,797,19,1),(997,798,8,2),(998,798,37,1),(999,798,30,1),(1000,799,19,1),(1001,800,16,1),(1002,801,8,1),(1003,802,16,1),(1004,803,19,1),(1005,804,19,1),(1006,805,34,1),(1007,805,38,1),(1008,805,18,1),(1009,806,19,1),(1010,807,24,1),(1011,808,39,1),(1012,808,37,1),(1013,809,39,1),(1014,810,78,1),(1015,810,39,1),(1016,811,32,1),(1017,811,47,1),(1018,812,36,1),(1019,812,47,1),(1020,813,18,2),(1021,814,16,1),(1022,815,47,1),(1023,816,24,1),(1024,817,47,1),(1025,817,47,1),(1026,819,47,1),(1027,820,16,1),(1028,821,18,1),(1029,822,16,1),(1030,823,39,2),(1031,824,18,2),(1032,825,18,1),(1033,826,28,1),(1034,827,22,1),(1035,828,47,1),(1036,829,24,1),(1037,829,47,2),(1038,830,47,1),(1039,831,39,1),(1040,832,47,2),(1041,833,16,1),(1042,834,39,1),(1043,835,39,1),(1044,836,19,1),(1045,836,31,2),(1046,836,47,2),(1047,837,16,1),(1048,838,16,2),(1049,839,47,1),(1050,840,47,1),(1051,841,8,2),(1052,842,47,1),(1053,843,47,1),(1054,844,47,2),(1055,845,47,1),(1056,846,16,1),(1057,847,39,1),(1058,847,47,1),(1059,848,19,1),(1060,849,35,1),(1061,849,24,1),(1062,850,24,1),(1063,851,16,1),(1064,852,34,1),(1065,853,31,1),(1066,853,39,1),(1067,854,19,1),(1068,855,36,1),(1069,856,78,2),(1070,856,18,1),(1071,857,22,1),(1072,858,22,1),(1073,859,19,1),(1074,860,17,1),(1075,861,33,1),(1076,862,38,1),(1077,863,28,1),(1078,863,18,1),(1079,864,19,2),(1080,865,36,1),(1081,865,18,1),(1082,866,16,1),(1083,867,33,1),(1084,868,16,1),(1085,868,39,2),(1086,869,31,1),(1087,870,31,1),(1088,871,31,1),(1089,871,18,1),(1090,872,31,1),(1091,872,18,1),(1092,873,29,1),(1093,873,31,1),(1094,874,47,1),(1095,875,47,1),(1096,875,18,1),(1097,875,39,1),(1098,876,79,1),(1099,877,21,1),(1100,878,21,1),(1101,879,21,1),(1102,880,16,1),(1103,881,20,1),(1104,881,21,1),(1105,882,20,1),(1106,883,80,1),(1107,884,20,1),(1108,884,47,1),(1109,885,16,1),(1110,886,80,1),(1111,887,79,1),(1112,888,20,1),(1113,889,20,1),(1114,890,20,1),(1115,891,20,1),(1116,891,19,1),(1117,891,18,2),(1118,892,80,1),(1119,893,20,1),(1120,894,20,1),(1121,894,21,1),(1122,895,20,1),(1123,895,21,1),(1124,896,20,1),(1125,897,16,3),(1126,897,18,2),(1127,897,20,1),(1128,897,79,1),(1129,898,20,1),(1130,899,16,1),(1131,900,16,1),(1132,901,36,1),(1133,901,39,1),(1134,902,20,1),(1135,903,47,1),(1136,904,18,1),(1137,905,29,1),(1138,905,47,4),(1139,906,76,1),(1140,906,47,2),(1141,907,47,1),(1142,908,16,2),(1143,909,22,1),(1144,910,16,1),(1145,911,8,1),(1146,912,38,1),(1147,913,16,1),(1148,914,35,1),(1149,915,38,1),(1150,915,18,1),(1151,916,36,1),(1152,917,36,1),(1153,918,39,1),(1154,919,47,1),(1155,920,38,1),(1156,920,18,1),(1157,921,47,1),(1158,922,38,1),(1159,922,39,1),(1160,923,47,1),(1161,924,22,1),(1162,924,18,1),(1163,925,47,1),(1164,926,24,1),(1165,927,34,1),(1166,928,16,1),(1167,928,25,1),(1168,929,33,1),(1169,930,28,2),(1170,931,36,1),(1171,932,36,1),(1172,933,16,1),(1173,934,28,1),(1174,935,16,1),(1175,935,38,1),(1176,936,16,1),(1177,936,36,1),(1178,937,78,1),(1179,938,22,1),(1180,938,18,1),(1181,939,29,1),(1182,940,22,1),(1183,941,19,1),(1184,942,36,1),(1185,943,8,1),(1186,944,16,1),(1187,945,16,1),(1188,946,16,1),(1189,947,47,1),(1190,948,47,1),(1191,949,47,1),(1192,950,16,1),(1193,951,16,1),(1194,952,16,1),(1195,953,47,1),(1196,954,47,1),(1197,955,16,1),(1198,956,18,1),(1199,957,19,1),(1200,958,35,1),(1201,958,47,1),(1202,959,16,1),(1203,960,16,1),(1204,961,19,1),(1205,962,19,1),(1206,963,19,1),(1207,964,19,1),(1208,965,16,1),(1209,966,47,1),(1210,967,19,1),(1211,968,19,1),(1212,969,78,1),(1213,970,28,1),(1214,970,78,1),(1215,970,8,1),(1216,971,29,1),(1217,971,36,1),(1218,971,30,1),(1219,972,28,2),(1220,973,22,1),(1221,974,29,1),(1222,974,22,1),(1223,974,18,1),(1224,975,28,2),(1225,976,19,1),(1226,977,16,1),(1227,978,16,1),(1228,978,24,1),(1229,979,16,1),(1230,980,16,1),(1231,981,16,1),(1232,982,47,1),(1233,983,18,1),(1234,984,24,1),(1235,985,16,1),(1236,986,47,1),(1237,987,47,1),(1238,988,79,1),(1239,989,20,1),(1240,990,21,1),(1241,991,20,2),(1242,992,20,1),(1243,993,21,1),(1244,994,20,1),(1245,994,21,1),(1246,995,21,1),(1247,996,20,1),(1248,996,20,1),(1249,998,21,1),(1250,999,20,1),(1251,1000,79,1),(1252,1001,20,2),(1253,1002,20,1),(1254,1003,20,1),(1255,1004,20,1),(1256,1005,20,1),(1257,1006,21,1),(1258,1007,20,1),(1259,1008,20,1),(1260,1009,20,1),(1261,1010,80,1),(1262,1011,20,1),(1263,1012,20,1),(1264,1013,79,1),(1265,1014,20,1),(1266,1015,47,1),(1267,1016,16,1),(1268,1017,79,1),(1269,1018,22,1),(1270,1018,47,6),(1271,1018,20,1),(1272,1019,16,1),(1273,1020,20,2),(1274,1021,16,1),(1275,1022,37,1),(1276,1023,16,1),(1277,1024,79,1),(1278,1025,47,2),(1279,1026,47,2),(1280,1027,47,1),(1281,1028,8,1),(1282,1029,47,2),(1283,1030,19,1),(1284,1031,16,1),(1285,1032,47,1),(1286,1033,16,1),(1287,1033,19,1),(1288,1034,22,2),(1289,1034,47,3),(1290,1035,16,1),(1291,1036,17,1),(1292,1036,22,1),(1293,1036,47,1),(1294,1037,17,1),(1295,1038,36,1),(1296,1039,33,1),(1297,1040,22,1),(1298,1041,47,1),(1299,1042,34,1),(1300,1043,22,1),(1301,1044,31,1),(1302,1044,31,1),(1303,1046,22,1),(1304,1047,28,2),(1305,1048,16,1),(1306,1049,47,1),(1307,1049,24,1),(1308,1050,35,1),(1309,1051,19,1),(1310,1052,22,1),(1311,1053,24,1),(1312,1054,8,1),(1313,1055,47,1),(1314,1056,16,1),(1315,1057,28,2),(1316,1058,24,1),(1317,1059,47,1),(1318,1060,22,1),(1319,1061,16,1),(1320,1061,37,1),(1321,1062,16,1),(1322,1063,47,1),(1323,1064,16,1),(1324,1064,24,1),(1325,1064,47,1),(1326,1065,16,1),(1327,1065,24,1),(1328,1065,47,1),(1329,1066,47,1),(1330,1067,16,1),(1331,1068,34,1),(1332,1069,47,1),(1333,1070,19,1),(1334,1071,16,1),(1335,1071,78,1),(1336,1072,8,1),(1337,1073,16,1),(1338,1074,16,1),(1339,1075,16,1),(1340,1076,19,1),(1341,1077,19,1),(1342,1078,16,1),(1343,1079,19,1),(1344,1080,19,1),(1345,1081,17,1),(1346,1081,22,1),(1347,1082,17,1),(1348,1082,39,2),(1349,1083,17,1),(1350,1084,39,1),(1351,1085,39,1),(1352,1086,28,2),(1353,1087,22,1),(1354,1088,16,1),(1355,1089,24,1),(1356,1090,16,1),(1357,1090,24,1),(1358,1091,16,1),(1359,1091,17,1),(1360,1091,39,2),(1361,1091,24,1),(1362,1092,22,1),(1363,1093,17,1),(1364,1093,32,1),(1365,1093,78,1),(1366,1093,47,1),(1367,1094,38,2),(1368,1095,8,1),(1369,1096,39,1),(1370,1097,39,3),(1371,1098,16,1),(1372,1099,39,1),(1373,1100,8,1),(1374,1100,39,1),(1375,1101,24,1),(1376,1102,36,1),(1377,1103,47,1),(1378,1104,22,1),(1379,1105,22,1),(1380,1106,47,3),(1381,1107,16,1),(1382,1108,39,1),(1383,1109,39,1),(1384,1110,47,1),(1385,1111,18,1),(1386,1112,28,3),(1387,1112,47,1),(1388,1112,39,1),(1389,1112,18,1),(1390,1113,47,1),(1391,1114,39,1),(1392,1115,19,1),(1393,1116,19,2),(1394,1116,47,2),(1395,1117,47,1),(1396,1118,16,1),(1397,1119,18,1),(1398,1120,18,1),(1399,1121,16,1),(1400,1122,16,2),(1401,1122,37,1),(1402,1123,22,1),(1403,1123,47,1),(1404,1124,16,1),(1405,1125,30,1),(1406,1126,31,1),(1407,1126,76,1),(1408,1127,31,1),(1409,1127,76,1),(1410,1128,76,1),(1411,1128,18,1),(1412,1129,16,1),(1413,1130,47,2),(1414,1131,16,1),(1415,1132,47,1),(1416,1133,47,1),(1417,1134,16,1),(1418,1134,24,1),(1419,1135,19,1),(1420,1135,19,1),(1421,1137,47,1),(1422,1138,19,1),(1423,1139,47,1),(1424,1140,47,1),(1425,1141,19,1),(1426,1142,18,1),(1427,1143,18,1),(1428,1143,18,1),(1429,1145,16,1),(1430,1146,19,1),(1431,1147,18,1),(1432,1148,19,1),(1433,1149,19,1),(1434,1150,22,1),(1435,1151,39,1),(1436,1151,18,1),(1437,1152,39,1),(1438,1152,18,1),(1439,1153,38,1),(1440,1153,39,1),(1441,1153,18,1),(1442,1153,47,1),(1443,1154,16,1),(1444,1155,39,1),(1445,1156,38,2),(1446,1156,47,3),(1447,1157,17,1),(1448,1158,29,1),(1449,1158,34,1),(1450,1159,16,1),(1451,1160,16,1),(1452,1160,39,3),(1453,1161,19,1),(1454,1161,39,1),(1455,1161,18,1),(1456,1162,28,1),(1457,1163,28,1),(1458,1164,28,1),(1459,1164,16,1),(1460,1164,17,1),(1461,1165,28,1),(1462,1165,38,1),(1463,1166,22,1),(1464,1167,39,1),(1465,1168,32,1),(1466,1168,8,1),(1467,1168,30,1),(1468,1169,19,1),(1469,1170,32,1),(1470,1171,17,1),(1471,1172,38,1),(1472,1173,38,1),(1473,1174,38,1),(1474,1175,18,1),(1475,1176,20,1),(1476,1176,8,1),(1477,1177,21,1),(1478,1178,20,1),(1479,1179,20,1),(1480,1180,20,2),(1481,1181,79,1),(1482,1182,20,2),(1483,1183,79,1),(1484,1184,79,1),(1485,1185,79,1),(1486,1186,79,1),(1487,1187,79,1),(1488,1188,21,1),(1489,1189,79,1),(1490,1190,21,1),(1491,1190,79,1),(1492,1192,20,1),(1493,1192,18,1),(1494,1192,47,1),(1495,1193,20,1),(1496,1194,20,1),(1497,1195,20,1),(1498,1196,20,1),(1499,1197,21,1),(1500,1198,20,1),(1501,1198,18,1),(1502,1199,20,1),(1503,1200,20,1),(1504,1200,19,1),(1505,1201,16,1),(1506,1202,20,1),(1507,1203,16,1),(1508,1204,38,1),(1509,1205,38,1),(1510,1206,17,1),(1511,1206,47,1),(1512,1207,20,1),(1513,1208,30,1),(1514,1209,16,1),(1515,1210,47,1),(1516,1211,47,1),(1517,1212,47,2),(1518,1213,47,1),(1519,1214,16,1),(1520,1215,47,1),(1521,1215,47,1),(1522,1217,16,1),(1523,1218,19,1),(1524,1219,16,1),(1525,1220,16,1),(1526,1221,16,1),(1527,1222,18,1),(1528,1223,19,1),(1529,1224,16,1),(1530,1225,47,1),(1531,1226,19,1),(1532,1227,19,1),(1533,1228,19,1),(1534,1229,34,1),(1535,1230,38,2),(1536,1230,39,2),(1537,1231,19,1),(1538,1232,47,1),(1539,1233,19,1),(1540,1234,19,1),(1541,1235,19,1),(1542,1236,19,1),(1543,1237,19,1),(1544,1238,18,1),(1545,1239,18,1),(1546,1240,39,1),(1547,1241,39,1),(1548,1242,20,1),(1549,1243,18,1),(1550,1244,19,1),(1551,1244,35,1),(1552,1245,18,1),(1553,1246,39,1),(1554,1247,39,1),(1555,1248,28,1),(1556,1248,19,1),(1557,1249,18,1),(1558,1250,39,2),(1559,1250,18,1),(1560,1251,16,1),(1561,1251,18,1),(1562,1251,19,1),(1563,1251,39,1),(1564,1251,79,1),(1565,1252,24,1),(1566,1253,22,1),(1567,1253,47,2),(1568,1254,39,2),(1569,1255,39,1),(1570,1255,47,1),(1571,1256,18,1),(1572,1257,18,1),(1573,1258,79,1),(1574,1258,39,2),(1575,1259,28,1),(1576,1259,47,1),(1577,1260,16,1),(1578,1261,39,1),(1579,1262,16,1),(1580,1263,16,1),(1581,1264,47,1),(1582,1265,16,1),(1583,1266,47,1),(1584,1267,76,1),(1585,1268,47,2),(1586,1269,22,1),(1587,1270,19,1),(1588,1271,16,1),(1589,1272,47,1),(1590,1273,19,1),(1591,1274,19,1),(1592,1275,19,1),(1593,1276,8,1),(1594,1277,16,1),(1595,1278,16,1),(1596,1279,28,3),(1597,1280,19,1),(1598,1280,38,1),(1599,1281,47,1),(1600,1282,16,2),(1601,1283,16,2),(1602,1284,16,2),(1603,1285,16,2),(1604,1285,16,2),(1605,1287,16,3),(1606,1287,28,2),(1607,1288,16,2),(1608,1289,18,1),(1609,1290,18,1),(1610,1291,19,1),(1611,1292,28,1),(1612,1293,28,1),(1613,1294,37,1),(1614,1295,19,1),(1615,1296,16,1),(1616,1297,31,1),(1617,1298,21,1),(1618,1299,21,1),(1619,1300,79,1),(1620,1301,20,1),(1621,1302,20,1),(1622,1303,20,1),(1623,1304,20,2),(1624,1305,20,1),(1625,1306,20,1),(1626,1306,47,1),(1627,1307,21,1),(1628,1308,20,1),(1629,1309,20,1),(1630,1310,20,1),(1631,1311,79,1),(1632,1312,20,1),(1633,1313,20,1),(1634,1314,20,1),(1635,1315,20,2),(1636,1316,20,1),(1637,1317,20,1),(1638,1318,20,1),(1639,1319,20,1),(1640,1320,79,1),(1641,1321,47,1),(1642,1322,79,1),(1643,1323,20,1),(1644,1324,18,1),(1645,1325,16,1),(1646,1326,24,1),(1647,1327,16,1),(1648,1328,47,1),(1649,1329,39,1),(1650,1330,16,1),(1651,1331,28,2),(1652,1332,16,1),(1653,1332,31,1),(1654,1332,39,1),(1655,1333,47,2),(1656,1334,47,2),(1657,1335,19,3),(1658,1335,47,6),(1659,1336,28,1),(1660,1336,16,3),(1661,1336,29,1),(1662,1337,47,1),(1663,1338,18,1),(1664,1339,47,1),(1665,1340,19,1),(1666,1341,19,1),(1667,1342,17,1),(1668,1343,36,1),(1669,1343,17,2),(1670,1343,32,1),(1671,1343,38,2),(1672,1343,39,1),(1673,1344,39,1),(1674,1345,36,1),(1675,1345,17,1),(1676,1346,36,1),(1677,1346,17,1),(1678,1347,31,1),(1679,1348,22,1),(1680,1349,22,1),(1681,1349,47,1),(1682,1350,28,2),(1683,1351,39,1),(1684,1351,37,1),(1685,1352,38,2),(1686,1353,36,1),(1687,1354,47,1),(1688,1355,24,1),(1689,1356,36,1),(1690,1357,39,1),(1691,1358,18,1),(1692,1359,47,1),(1693,1360,18,2),(1694,1361,16,1),(1695,1362,36,1),(1696,1362,17,1),(1697,1362,39,1),(1698,1362,47,1),(1699,1363,33,1),(1700,1364,24,1),(1701,1365,19,1),(1702,1366,36,1),(1703,1366,19,2),(1704,1367,36,1),(1705,1367,19,2),(1706,1368,36,1),(1707,1369,29,1),(1708,1369,31,2),(1709,1370,47,1),(1710,1371,16,1),(1711,1372,28,1),(1712,1372,36,1),(1713,1372,38,1),(1714,1372,18,1),(1715,1373,16,2),(1716,1373,47,1),(1717,1374,18,1),(1718,1375,47,1),(1719,1376,47,1),(1720,1377,16,1),(1721,1378,16,1),(1722,1379,22,1),(1723,1380,39,1),(1724,1381,47,1),(1725,1382,29,2),(1726,1383,19,1),(1727,1384,16,1),(1728,1384,19,1),(1729,1385,19,1),(1730,1386,18,1),(1731,1387,19,1),(1732,1388,16,1),(1733,1389,16,1),(1734,1390,16,1),(1735,1390,19,1),(1736,1390,39,1),(1737,1391,16,1),(1738,1391,19,1),(1739,1391,39,1),(1740,1392,19,1),(1741,1393,19,1),(1742,1394,24,1),(1743,1395,19,1),(1744,1396,36,1),(1745,1396,17,1),(1746,1396,39,2),(1747,1397,19,1),(1748,1398,30,1),(1749,1399,22,1),(1750,1400,20,1),(1751,1401,20,1),(1752,1402,47,1),(1753,1403,20,1),(1754,1404,20,1),(1755,1404,17,3),(1756,1404,39,2),(1757,1405,79,1),(1758,1406,20,1),(1759,1406,18,1),(1760,1407,20,1),(1761,1408,20,1),(1762,1409,21,1),(1763,1410,21,1),(1764,1411,20,1),(1765,1412,16,1),(1766,1413,16,1),(1767,1414,20,1),(1768,1415,20,1),(1769,1416,20,1),(1770,1417,20,1),(1771,1418,20,1),(1772,1419,19,1),(1773,1420,19,1),(1774,1421,80,2),(1775,1422,20,2),(1776,1422,16,3),(1777,1423,19,3),(1778,1423,47,5),(1779,1424,16,1),(1780,1425,16,1),(1781,1426,18,2),(1782,1427,16,1),(1783,1428,47,3),(1784,1429,19,1),(1785,1430,19,1),(1786,1431,19,1),(1787,1432,17,1),(1788,1432,38,2),(1789,1432,39,2),(1790,1433,20,1),(1791,1434,19,2),(1792,1435,24,1),(1793,1436,19,1),(1794,1436,47,1),(1795,1437,17,1),(1796,1437,39,1),(1797,1438,24,1),(1798,1439,16,1),(1799,1440,47,1),(1800,1441,16,1),(1801,1442,47,2),(1802,1443,18,1),(1803,1444,47,1),(1804,1445,22,1),(1805,1446,16,1),(1806,1447,22,1),(1807,1448,16,1),(1808,1449,17,1),(1809,1449,76,2),(1810,1450,39,1),(1811,1451,47,1),(1812,1452,47,1),(1813,1453,19,1),(1814,1453,47,2),(1815,1454,17,1),(1816,1455,28,1),(1817,1455,19,1),(1818,1455,18,1),(1819,1456,28,3),(1820,1457,18,1),(1821,1457,39,2),(1822,1458,39,1),(1823,1459,36,1),(1824,1460,22,1),(1825,1460,19,1),(1826,1461,20,1),(1827,1462,20,1),(1828,1463,20,1),(1829,1464,20,1),(1830,1464,47,1),(1831,1465,18,1),(1832,1465,79,1),(1833,1466,20,1),(1834,1466,18,1),(1835,1466,79,1),(1836,1468,20,1),(1837,1469,20,1),(1838,1470,20,1),(1839,1471,22,10),(1840,1472,21,2),(1841,1473,47,1),(1842,1474,20,1),(1843,1474,17,1),(1844,1474,18,1),(1845,1475,16,1),(1846,1476,79,1),(1847,1477,20,1),(1848,1478,79,1),(1849,1478,19,1),(1850,1478,33,1),(1851,1479,20,1),(1852,1480,20,1),(1853,1481,36,1),(1854,1481,78,1),(1855,1482,47,3),(1856,1482,20,1),(1857,1483,22,1),(1858,1484,16,1),(1859,1484,77,1),(1860,1485,22,1),(1861,1485,19,1),(1862,1486,32,1),(1863,1486,8,1),(1864,1487,29,1),(1865,1488,47,1),(1866,1489,47,1),(1867,1490,47,1),(1868,1491,47,1),(1869,1492,47,2),(1870,1493,18,1),(1871,1493,47,2),(1872,1494,19,1),(1873,1494,34,1),(1874,1495,18,1),(1875,1496,18,2),(1876,1497,47,1),(1877,1498,32,1),(1878,1499,47,1),(1879,1500,47,1),(1880,1501,22,1),(1881,1501,47,1),(1882,1502,18,1),(1883,1503,47,1),(1884,1504,19,1),(1885,1505,22,1),(1886,1505,19,1),(1887,1506,8,1),(1888,1507,18,1),(1889,1508,28,3),(1890,1509,47,1),(1891,1510,47,1),(1892,1511,18,1),(1893,1512,28,1),(1894,1512,36,1),(1895,1512,38,2),(1896,1512,47,2),(1897,1513,8,2),(1898,1514,47,1),(1899,1515,29,1),(1900,1516,16,2),(1901,1516,18,2),(1902,1516,19,1),(1903,1516,29,1),(1904,1516,31,1),(1905,1516,36,1),(1906,1517,19,1),(1907,1517,22,1),(1908,1518,19,1),(1909,1518,22,1),(1910,1519,32,1),(1911,1520,37,1),(1912,1521,47,1),(1913,1522,28,1),(1914,1523,22,1),(1915,1524,31,1),(1916,1525,16,1),(1917,1526,16,2),(1918,1526,28,1),(1919,1527,16,2),(1920,1527,28,1),(1921,1528,47,1),(1922,1529,28,1),(1923,1529,47,1),(1924,1530,47,1),(1925,1531,47,1),(1926,1532,19,1),(1927,1533,19,1),(1928,1534,22,1),(1929,1534,47,2),(1930,1535,47,1),(1931,1536,22,1),(1932,1536,19,1),(1933,1537,75,1),(1934,1538,18,1),(1935,1539,38,2),(1936,1539,39,2),(1937,1540,24,1),(1938,1541,17,1),(1939,1542,20,1),(1940,1543,20,1),(1941,1544,79,1),(1942,1545,20,1),(1943,1546,79,1),(1944,1547,47,1),(1945,1548,20,1),(1946,1549,20,2),(1947,1549,17,1),(1948,1549,18,1),(1949,1550,20,1),(1950,1551,20,1),(1951,1552,20,1),(1952,1553,47,1),(1953,1554,20,1),(1954,1554,47,1),(1955,1555,47,1),(1956,1556,80,1),(1957,1557,47,1),(1958,1558,47,1),(1959,1559,47,1),(1960,1560,16,2),(1961,1560,39,1),(1962,1561,19,1),(1963,1562,47,1),(1964,1563,36,1),(1965,1563,38,1),(1966,1564,22,1),(1967,1565,39,1),(1968,1566,16,1),(1969,1567,22,1),(1970,1568,36,1),(1971,1568,38,2),(1972,1569,22,1),(1973,1569,19,1),(1974,1570,28,1),(1975,1570,18,1),(1976,1570,17,1),(1977,1570,39,1),(1978,1571,8,1),(1979,1572,28,1),(1980,1573,28,1),(1981,1574,28,1),(1982,1574,47,1),(1983,1575,47,1),(1984,1576,8,1),(1985,1577,29,1),(1986,1578,47,1),(1987,1579,19,1),(1988,1580,47,1),(1989,1581,36,1),(1990,1581,34,1),(1991,1581,38,2),(1992,1582,78,1),(1993,1582,8,1),(1994,1583,8,2),(1995,1584,18,1),(1996,1585,47,1),(1997,1586,8,1),(1998,1587,47,1),(1999,1588,22,1),(2000,1588,17,1),(2001,1589,39,2),(2002,1590,16,1),(2003,1590,39,1),(2004,1591,47,1),(2005,1592,16,1),(2006,1593,19,1),(2007,1594,36,1),(2008,1594,38,2),(2009,1595,28,1),(2010,1596,8,1),(2011,1597,39,1),(2012,1598,19,1),(2013,1598,39,2),(2014,1599,19,1),(2015,1599,39,2),(2016,1600,16,1),(2017,1601,34,1),(2018,1601,8,2),(2019,1602,16,1),(2020,1603,47,1),(2021,1604,36,1),(2022,1605,20,1),(2023,1606,20,1),(2024,1607,21,1),(2025,1608,20,1),(2026,1609,20,1),(2027,1610,20,1),(2028,1611,79,1),(2029,1612,8,1),(2030,1613,20,1),(2031,1614,16,1),(2032,1615,20,1),(2033,1616,79,1),(2034,1617,47,1),(2035,1618,16,2),(2036,1618,18,1),(2037,1618,20,3),(2038,1618,36,1),(2039,1618,39,1),(2040,1618,8,1),(2041,1619,16,2),(2042,1620,21,1),(2043,1620,76,1),(2044,1621,20,1),(2045,1622,21,1),(2046,1623,20,1),(2047,1624,20,1),(2048,1624,47,1),(2049,1625,19,1),(2050,1626,36,1),(2051,1626,18,1),(2052,1627,20,1),(2053,1627,28,1),(2054,1627,21,1),(2055,1627,36,1),(2056,1627,17,1),(2057,1627,19,1),(2058,1628,16,1),(2059,1629,47,1),(2060,1630,39,1),(2061,1631,16,1),(2062,1632,16,1),(2063,1633,19,1),(2064,1633,34,1),(2065,1634,39,2),(2066,1635,16,1),(2067,1636,47,2),(2068,1637,47,1),(2069,1638,47,4),(2070,1639,16,1),(2071,1640,47,1),(2072,1641,16,2),(2073,1642,28,1),(2074,1643,16,1),(2075,1644,16,1),(2076,1644,47,1),(2077,1646,18,1),(2078,1647,22,1),(2079,1647,47,1),(2080,1648,16,1),(2081,1648,36,1),(2082,1649,17,1),(2083,1649,34,1),(2084,1650,19,2),(2085,1651,19,1),(2086,1652,39,3),(2087,1653,38,3),(2088,1654,38,1),(2089,1655,39,1),(2090,1656,21,1),(2091,1657,20,1),(2092,1658,20,1),(2093,1659,79,1),(2094,1660,16,1),(2095,1661,20,1),(2096,1662,20,2),(2097,1662,17,1),(2098,1662,18,1),(2099,1663,20,1),(2100,1664,17,1),(2101,1665,20,1),(2102,1665,17,1),(2103,1666,20,2),(2104,1667,20,1),(2105,1668,20,1),(2106,1669,16,2),(2107,1670,16,2),(2108,1670,79,1),(2109,1670,16,2),(2110,1670,79,1),(2111,1672,16,2),(2112,1672,79,1),(2113,1673,20,1),(2114,1674,20,1),(2115,1675,20,1),(2116,1676,38,2),(2117,1676,39,2),(2118,1676,47,1),(2119,1677,16,1),(2120,1678,16,1),(2121,1679,38,2),(2122,1680,16,3),(2123,1680,38,2),(2124,1681,32,1),(2125,1681,34,1),(2126,1681,47,1),(2127,1682,16,1),(2128,1682,39,1),(2129,1683,47,1),(2130,1684,20,1),(2131,1684,34,1),(2132,1684,8,1),(2133,1685,39,1),(2134,1686,32,1),(2135,1687,32,1),(2136,1688,31,1),(2137,1689,16,1),(2138,1689,22,1),(2139,1690,47,1),(2140,1691,16,1),(2141,1692,22,1),(2142,1693,16,1),(2143,1694,16,1),(2144,1695,39,1),(2145,1696,39,2),(2146,1697,28,1),(2147,1697,77,1),(2148,1697,33,1),(2149,1698,16,1),(2150,1699,16,1),(2151,1700,16,2),(2152,1700,29,1),(2153,1700,39,1),(2154,1701,47,2),(2155,1702,19,1),(2156,1703,16,1),(2157,1703,18,1),(2158,1704,16,2),(2159,1705,19,1),(2160,1706,16,1),(2161,1707,36,1),(2162,1707,38,2),(2163,1708,38,1),(2164,1708,18,1),(2165,1709,17,1),(2166,1710,39,2),(2167,1711,39,1),(2168,1712,36,1),(2169,1713,24,1),(2170,1714,16,1),(2171,1715,78,2),(2172,1716,16,1),(2173,1717,36,1),(2174,1718,36,1),(2175,1718,38,2),(2176,1719,36,1),(2177,1720,16,2),(2178,1720,31,1),(2179,1720,36,2),(2180,1721,29,1),(2181,1722,22,1),(2182,1723,16,1),(2183,1724,18,1),(2184,1725,18,1),(2185,1726,17,1),(2186,1727,37,2),(2187,1728,16,1),(2188,1728,29,1),(2189,1729,16,1),(2190,1730,16,1),(2191,1731,29,1),(2192,1731,19,1),(2193,1731,47,2),(2194,1732,36,2),(2195,1733,16,1),(2196,1734,36,1),(2197,1735,16,3),(2198,1735,47,1),(2199,1736,22,1),(2200,1737,38,2),(2201,1737,39,2),(2202,1738,28,1),(2203,1738,78,1),(2204,1738,38,1),(2205,1738,39,1),(2206,1738,18,1),(2207,1739,20,1),(2208,1739,18,1),(2209,1739,17,1),(2210,1739,19,1),(2211,1739,39,1),(2212,1739,78,1),(2213,1740,16,1),(2214,1740,31,5),(2215,1740,36,1),(2216,1741,79,1),(2217,1742,20,1),(2218,1743,79,1),(2219,1744,20,2),(2220,1745,20,2),(2221,1746,20,2),(2222,1746,20,2),(2223,1748,20,2),(2224,1748,20,2),(2225,1750,20,1),(2226,1751,20,1),(2227,1751,47,1),(2228,1752,20,2),(2229,1753,20,1),(2230,1753,79,1),(2231,1754,16,1),(2232,1755,16,1),(2233,1756,21,1),(2234,1757,18,1),(2235,1758,20,1),(2236,1759,20,1),(2237,1760,20,1),(2238,1761,79,1),(2239,1762,16,1),(2240,1763,75,1),(2241,1763,47,1),(2242,1764,16,1),(2243,1765,36,2),(2244,1766,16,1),(2245,1767,20,1),(2246,1767,29,1),(2247,1768,75,1),(2248,1768,39,1),(2249,1768,37,1),(2250,1769,18,1),(2251,1770,21,1),(2252,1770,17,1),(2253,1771,16,1),(2254,1772,16,1),(2255,1773,19,1),(2256,1774,47,1),(2257,1775,22,1),(2258,1775,19,1),(2259,1776,22,1),(2260,1776,19,1),(2261,1777,16,1),(2262,1778,20,1),(2263,1779,16,1),(2264,1780,47,1),(2265,1781,47,1),(2266,1782,47,3),(2267,1783,20,1),(2268,1784,20,1),(2269,1784,8,1),(2270,1785,47,1),(2271,1786,28,1),(2272,1786,38,2),(2273,1787,19,1),(2274,1788,47,1),(2275,1789,16,1),(2276,1790,16,1),(2277,1791,16,1),(2278,1792,16,1),(2279,1793,36,1),(2280,1794,39,1),(2281,1795,16,1),(2282,1796,18,1),(2283,1797,39,2),(2284,1798,20,1),(2285,1798,19,1),(2286,1799,38,1),(2287,1800,38,1),(2288,1801,36,1),(2289,1801,38,1),(2290,1802,38,2),(2291,1802,38,2),(2292,1804,16,1),(2293,1805,38,1),(2294,1806,36,1),(2295,1807,36,1),(2296,1808,22,1),(2297,1809,31,1),(2298,1810,31,3),(2299,1811,31,3),(2300,1812,36,1),(2301,1812,38,1),(2302,1813,29,1),(2303,1814,76,1),(2304,1815,16,1),(2305,1816,24,1),(2306,1817,16,1),(2307,1818,16,1),(2308,1819,47,1),(2309,1820,47,1),(2310,1821,16,1),(2311,1822,19,1),(2312,1822,34,1),(2313,1823,16,1),(2314,1824,16,1),(2315,1825,16,1),(2316,1825,19,1),(2317,1826,38,1),(2318,1827,28,2),(2319,1828,31,1),(2320,1829,16,1),(2321,1830,16,1),(2322,1831,16,1),(2323,1832,16,1),(2324,1833,47,1),(2325,1834,8,1),(2326,1835,28,1),(2327,1836,19,1),(2328,1837,19,1),(2329,1837,47,2),(2330,1838,16,1),(2331,1838,39,3),(2332,1838,18,3),(2333,1839,16,1),(2334,1840,28,1),(2335,1841,28,1),(2336,1842,37,1),(2337,1843,36,1),(2338,1844,22,1),(2339,1845,16,1),(2340,1846,17,1),(2341,1846,34,1),(2342,1847,17,1),(2343,1847,34,1),(2344,1848,17,1),(2345,1848,32,1),(2346,1849,29,1),(2347,1849,31,1),(2348,1850,31,1),(2349,1851,31,1),(2350,1852,47,1),(2351,1853,20,1),(2352,1853,47,1),(2353,1854,21,1),(2354,1855,20,1),(2355,1856,21,1),(2356,1857,80,1),(2357,1858,20,1),(2358,1858,20,1),(2359,1860,20,1),(2360,1861,20,1),(2361,1862,79,1),(2362,1863,76,1),(2363,1864,47,1),(2364,1865,20,1),(2365,1866,20,1),(2366,1867,20,1),(2367,1868,79,1),(2368,1869,20,2),(2369,1869,47,5),(2370,1870,20,1),(2371,1871,20,1),(2372,1872,79,1),(2373,1873,79,1),(2374,1874,20,1),(2375,1875,16,1),(2376,1876,20,1),(2377,1877,16,1),(2378,1878,20,1),(2379,1879,20,2),(2380,1880,47,1),(2381,1881,16,1),(2382,1882,47,1),(2383,1883,20,1),(2384,1884,16,1),(2385,1885,47,1),(2386,1886,18,1),(2387,1887,36,1),(2388,1888,22,1),(2389,1889,22,1),(2390,1890,16,1),(2391,1891,19,1),(2392,1892,47,1),(2393,1893,16,1),(2394,1894,16,1),(2395,1895,19,1),(2396,1896,18,1),(2397,1897,16,1),(2398,1898,16,1),(2399,1899,16,1),(2400,1900,19,2),(2401,1900,47,3),(2402,1901,36,1),(2403,1902,20,1),(2404,1903,47,1),(2405,1904,19,1),(2406,1905,16,1),(2407,1906,47,1),(2408,1907,8,1),(2409,1908,19,1),(2410,1909,38,1),(2411,1910,18,1),(2412,1910,47,1),(2413,1911,19,1),(2414,1911,34,1),(2415,1912,34,1),(2416,1913,16,2),(2417,1914,16,1),(2418,1914,24,1),(2419,1915,28,2),(2420,1916,22,1),(2421,1916,19,1),(2422,1917,28,1),(2423,1918,33,1),(2424,1919,24,1),(2425,1920,22,1),(2426,1921,19,2),(2427,1922,17,1),(2428,1923,19,1),(2429,1924,19,1),(2430,1925,47,1),(2431,1926,47,1),(2432,1927,18,1),(2433,1928,32,1),(2434,1928,19,1),(2435,1929,16,1),(2436,1929,19,1),(2437,1930,36,1),(2438,1930,78,1),(2439,1931,36,1),(2440,1931,34,1),(2441,1932,22,1),(2442,1932,19,1),(2443,1933,36,1),(2444,1934,38,1),(2445,1934,47,1),(2446,1935,31,1),(2447,1935,79,1),(2448,1936,19,2),(2449,1937,78,1),(2450,1938,16,1),(2451,1939,47,1),(2452,1940,47,1),(2453,1941,19,1),(2454,1942,36,1),(2455,1943,36,1),(2456,1944,16,1),(2457,1945,16,1),(2458,1946,28,1),(2459,1947,16,1),(2460,1948,47,1),(2461,1949,36,1),(2462,1950,24,1),(2463,1951,16,1),(2464,1951,47,1),(2465,1953,16,1),(2466,1953,47,1),(2467,1954,17,1),(2468,1954,47,1),(2469,1955,16,1),(2470,1956,19,1),(2471,1957,16,2),(2472,1958,16,1),(2473,1959,34,1),(2474,1960,18,1),(2475,1961,17,1),(2476,1961,19,1),(2477,1963,17,1),(2478,1963,32,1),(2479,1964,19,1),(2480,1965,24,1),(2481,1966,16,1),(2482,1967,47,1),(2483,1968,16,1),(2484,1969,36,1),(2485,1970,36,1),(2486,1971,36,1),(2487,1971,36,1),(2488,1971,18,1),(2489,1973,28,1),(2490,1973,18,1),(2491,1974,18,1),(2492,1975,34,1),(2493,1976,34,1),(2494,1977,17,1),(2495,1977,24,1),(2496,1978,19,1),(2497,1979,19,1),(2498,1980,16,1),(2499,1981,33,1),(2500,1982,16,1),(2501,1983,36,1),(2502,1983,19,1),(2503,1983,34,1),(2504,1984,29,1),(2505,1985,47,1),(2506,1986,28,1),(2507,1987,16,1),(2508,1988,47,1),(2509,1989,16,1),(2510,1990,16,1),(2511,1991,16,1),(2512,1992,16,1),(2513,1993,16,1),(2514,1994,36,2),(2515,1994,17,1),(2516,1994,19,2),(2517,1995,17,1),(2518,1996,17,1),(2519,1997,28,2),(2520,1998,16,1),(2521,1998,22,1),(2522,1999,16,1),(2523,2000,16,1),(2524,2001,16,1),(2525,2002,76,1),(2526,2003,29,1),(2527,2004,47,1),(2528,2005,16,1),(2529,2006,47,1),(2530,2007,16,1),(2531,2008,47,1),(2532,2009,47,3),(2533,2009,20,1),(2534,2010,16,1),(2535,2011,36,2),(2536,2011,17,1),(2537,2011,47,2),(2538,2012,18,1),(2539,2013,17,1),(2540,2014,19,1),(2541,2015,22,1),(2542,2016,19,1),(2543,2017,8,1),(2544,2018,28,2),(2545,2019,28,2),(2546,2019,19,1),(2547,2020,16,1),(2548,2021,28,1),(2549,2021,18,1),(2550,2022,33,1),(2551,2022,18,1),(2552,2023,32,1),(2553,2023,19,1),(2554,2024,16,1),(2555,2025,28,1),(2556,2025,18,1),(2557,2026,18,1),(2558,2027,47,1),(2559,2028,31,1),(2560,2029,19,1),(2561,2030,47,2),(2562,2031,47,1),(2563,2032,16,1),(2564,2033,18,1),(2565,2033,47,1),(2566,2034,16,1),(2567,2035,16,1),(2568,2036,75,1),(2569,2037,19,2),(2570,2037,47,1),(2571,2038,24,1),(2572,2039,20,1),(2573,2040,20,1),(2574,2040,34,1),(2575,2041,21,1),(2576,2042,20,1),(2577,2042,20,1),(2578,2044,20,1),(2579,2045,21,1),(2580,2046,79,1),(2581,2047,20,1),(2582,2048,20,1),(2583,2049,20,1),(2584,2050,79,1),(2585,2051,16,1),(2586,2052,20,1),(2587,2053,79,1),(2588,2054,20,1),(2589,2055,20,1),(2590,2056,19,1),(2591,2057,20,1),(2592,2057,17,1),(2593,2058,39,1),(2594,2059,19,3),(2595,2060,34,1),(2596,2061,28,1),(2597,2061,34,1),(2598,2062,36,1),(2599,2062,38,1),(2600,2063,16,1),(2601,2064,16,1),(2602,2064,47,1),(2603,2065,19,1),(2604,2066,19,2),(2605,2067,19,1),(2606,2068,16,1),(2607,2069,16,1),(2608,2070,19,1),(2609,2071,20,1),(2610,2071,16,1),(2611,2072,47,1),(2612,2073,32,1),(2613,2074,36,2),(2614,2075,19,1),(2615,2076,19,1),(2616,2077,19,1),(2617,2078,19,1),(2618,2079,29,2),(2619,2079,31,1),(2620,2080,29,1),(2621,2080,31,1),(2622,2081,16,1),(2623,2082,16,1),(2624,2083,16,1),(2625,2084,22,1),(2626,2085,16,1),(2627,2086,19,1),(2628,2087,19,1),(2629,2088,16,1),(2630,2089,47,1),(2631,2090,34,1),(2632,2090,31,1),(2633,2091,16,1),(2634,2092,47,1),(2635,2093,16,1),(2636,2094,16,12),(2637,2094,19,3),(2638,2094,20,2),(2639,2094,22,2),(2640,2094,29,1),(2641,2094,31,1),(2642,2094,36,2),(2643,2094,39,1),(2644,2095,16,1),(2645,2096,8,1),(2646,2097,47,1),(2647,2098,16,2),(2648,2099,47,1),(2649,2100,19,1),(2650,2100,38,1),(2651,2101,19,1),(2652,2102,19,1),(2653,2103,19,1),(2654,2104,18,1),(2655,2105,19,1),(2656,2106,19,1),(2657,2107,19,1),(2658,2108,17,1),(2659,2108,19,1),(2660,2109,19,1),(2661,2110,18,1),(2662,2110,47,2),(2663,2111,47,1),(2664,2112,19,1),(2665,2113,17,1),(2666,2114,18,1),(2667,2115,17,1),(2668,2116,18,1),(2669,2117,18,1),(2670,2118,39,3),(2671,2119,18,1),(2672,2120,37,1),(2673,2121,19,2),(2674,2121,39,1),(2675,2122,39,1),(2676,2123,17,1),(2677,2124,36,1),(2678,2124,38,1),(2679,2124,35,1),(2680,2125,39,1),(2681,2126,19,1),(2682,2126,31,1),(2683,2126,39,2),(2684,2127,19,1),(2685,2127,31,1),(2686,2127,39,2),(2687,2128,18,1),(2688,2129,17,1),(2689,2129,19,1),(2690,2130,47,1),(2691,2131,47,1),(2692,2132,20,1),(2693,2133,21,1),(2694,2134,20,1),(2695,2135,20,1),(2696,2136,79,1),(2697,2137,21,1),(2698,2138,21,1),(2699,2139,20,1),(2700,2140,20,2),(2701,2141,20,1),(2702,2142,20,1),(2703,2143,20,1),(2704,2144,20,1),(2705,2145,20,1),(2706,2146,20,1),(2707,2147,20,1),(2708,2148,79,1),(2709,2149,18,1),(2710,2150,16,3),(2711,2150,20,1),(2712,2150,29,1),(2713,2150,31,1),(2714,2151,19,2),(2715,2151,79,1),(2716,2151,47,1),(2717,2152,20,1),(2718,2153,47,2),(2719,2154,76,1),(2720,2155,16,2),(2721,2156,16,1),(2722,2157,16,1),(2723,2158,16,1),(2724,2158,32,1),(2725,2159,47,1),(2726,2160,16,1),(2727,2161,19,2),(2728,2161,47,1),(2729,2162,19,1),(2730,2163,19,1),(2731,2164,19,1),(2732,2165,47,1),(2733,2166,19,1),(2734,2167,17,1),(2735,2167,19,1),(2736,2168,22,1),(2737,2169,19,1),(2738,2170,19,1),(2739,2171,19,1),(2740,2172,47,1),(2741,2173,36,1),(2742,2174,34,1),(2743,2175,19,1),(2744,2176,38,2),(2745,2176,31,1),(2746,2177,32,1),(2747,2177,39,1),(2748,2178,78,1),(2749,2178,31,2),(2750,2179,36,1),(2751,2180,47,1),(2752,2181,47,1),(2753,2182,47,1),(2754,2183,16,1),(2755,2184,39,1),(2756,2185,19,1),(2757,2186,38,1),(2758,2187,18,1),(2759,2188,16,1),(2760,2188,39,2),(2761,2189,47,1),(2762,2190,47,1),(2763,2191,18,1),(2764,2191,39,1),(2765,2191,47,1),(2766,2192,39,1),(2767,2192,18,1),(2768,2193,19,1),(2769,2194,18,1),(2770,2195,22,1),(2771,2196,16,1),(2772,2197,47,1),(2773,2198,19,3),(2774,2199,19,1),(2775,2200,18,1),(2776,2201,17,1),(2777,2201,18,1),(2778,2202,17,1),(2779,2202,18,1),(2780,2203,17,1),(2781,2204,17,1),(2782,2204,18,1),(2783,2205,17,1),(2784,2205,18,1),(2785,2206,17,1),(2786,2206,18,1),(2787,2207,17,1),(2788,2207,18,1),(2789,2208,19,1),(2790,2209,19,1),(2791,2210,19,1),(2792,2211,19,2),(2793,2211,18,1),(2794,2212,18,1),(2795,2213,19,1),(2796,2214,19,2),(2797,2215,16,8),(2798,2216,19,1);
/*!40000 ALTER TABLE `item_orders` ENABLE KEYS */;
UNLOCK TABLES;

--
-- Table structure for table `orders`
--

DROP TABLE IF EXISTS `orders`;
/*!40101 SET @saved_cs_client     = @@character_set_client */;
/*!50503 SET character_set_client = utf8mb4 */;
CREATE TABLE `orders` (
  `id` int NOT NULL AUTO_INCREMENT,
  `user_id` int NOT NULL,
  `datetime` datetime NOT NULL,
  PRIMARY KEY (`id`)
) ENGINE=MyISAM AUTO_INCREMENT=2217 DEFAULT CHARSET=utf8mb3;
/*!40101 SET character_set_client = @saved_cs_client */;

--
-- Dumping data for table `orders`
--

LOCK TABLES `orders` WRITE;
/*!40000 ALTER TABLE `orders` DISABLE KEYS */;
INSERT INTO `orders` VALUES (122,1,'2022-02-24 09:58:23'),(121,61,'2022-02-24 08:23:08'),(120,50,'2022-02-24 08:22:31'),(119,62,'2022-02-24 08:21:11'),(118,44,'2022-02-24 08:03:04'),(117,62,'2022-02-23 15:52:18'),(116,1,'2022-02-23 12:25:02'),(115,62,'2022-02-23 10:00:02'),(114,62,'2022-02-23 09:52:52'),(113,1,'2022-02-23 08:34:18'),(112,45,'2022-02-22 21:05:01'),(111,60,'2022-02-22 15:45:08'),(110,61,'2022-02-22 14:18:25'),(109,1,'2022-02-22 14:11:33'),(108,62,'2022-02-22 12:17:25'),(107,1,'2022-02-22 12:05:27'),(106,1,'2022-02-22 09:53:57'),(105,62,'2022-02-22 09:52:39'),(104,62,'2022-02-22 09:52:33'),(103,62,'2022-02-22 09:52:31'),(102,60,'2022-02-22 09:50:14'),(101,62,'2022-02-22 08:57:14'),(100,60,'2022-02-22 08:24:02'),(99,60,'2022-02-22 08:21:32'),(98,51,'2022-02-21 18:54:12'),(97,45,'2022-02-21 15:46:43'),(96,1,'2022-02-21 15:38:21'),(95,45,'2022-02-21 15:34:08'),(94,49,'2022-02-21 11:41:10'),(93,1,'2022-02-21 09:50:37'),(92,60,'2022-02-21 09:49:34'),(91,51,'2022-02-21 08:20:30'),(90,1,'2022-02-21 07:18:34'),(88,1,'2022-02-19 15:48:08'),(123,127,'2022-02-24 12:10:46'),(124,1,'2022-02-24 12:11:02'),(125,1,'2022-02-24 12:13:00'),(126,49,'2022-02-24 14:04:34'),(127,127,'2022-02-24 15:21:17'),(128,48,'2022-02-24 15:22:58'),(129,49,'2022-02-25 15:44:33'),(130,44,'2022-02-28 11:51:50'),(131,62,'2022-02-28 12:23:24'),(132,1,'2022-02-28 12:43:42'),(133,60,'2022-02-28 14:02:37'),(134,62,'2022-02-28 14:02:40'),(135,49,'2022-02-28 14:15:28'),(136,1,'2022-02-28 17:00:28'),(137,61,'2022-02-28 18:03:45'),(138,88,'2022-03-01 07:30:28'),(139,88,'2022-03-01 08:03:21'),(140,62,'2022-03-01 08:10:18'),(141,62,'2022-03-01 08:10:27'),(142,51,'2022-03-01 08:10:34'),(143,51,'2022-03-01 08:10:36'),(144,51,'2022-03-01 08:10:37'),(145,51,'2022-03-01 08:10:37'),(146,44,'2022-03-01 08:11:01'),(147,61,'2022-03-01 08:15:07'),(148,62,'2022-03-01 10:19:31'),(149,1,'2022-03-01 11:16:49'),(150,88,'2022-03-01 11:58:30'),(151,62,'2022-03-01 12:38:42'),(152,49,'2022-03-01 17:32:02'),(153,62,'2022-03-02 10:02:23'),(154,49,'2022-03-02 10:50:02'),(155,1,'2022-03-02 15:34:11'),(156,49,'2022-03-02 16:00:04'),(157,50,'2022-03-03 08:30:09'),(158,62,'2022-03-03 08:54:16'),(159,62,'2022-03-03 08:54:31'),(160,62,'2022-03-03 09:04:00'),(161,61,'2022-03-03 09:38:47'),(162,88,'2022-03-04 09:54:48'),(163,62,'2022-03-04 11:04:04'),(164,62,'2022-03-04 15:38:24'),(165,62,'2022-03-07 08:13:28'),(166,1,'2022-03-07 09:48:27'),(167,49,'2022-03-07 10:04:06'),(168,62,'2022-03-07 13:28:54'),(169,62,'2022-03-07 15:50:53'),(170,127,'2022-03-07 16:13:00'),(171,127,'2022-03-07 16:15:13'),(172,49,'2022-03-07 17:59:39'),(173,127,'2022-03-08 08:20:31'),(174,1,'2022-03-08 09:48:10'),(175,127,'2022-03-08 09:48:35'),(176,62,'2022-03-08 11:21:47'),(177,1,'2022-03-08 12:15:45'),(178,127,'2022-03-08 12:16:10'),(179,60,'2022-03-08 14:02:03'),(180,62,'2022-03-08 14:02:15'),(181,62,'2022-03-09 08:18:21'),(182,127,'2022-03-09 08:25:41'),(183,127,'2022-03-09 09:59:09'),(184,49,'2022-03-09 11:07:35'),(185,88,'2022-03-09 12:06:50'),(186,88,'2022-03-09 12:08:46'),(187,108,'2022-03-09 13:43:55'),(188,41,'2022-03-09 14:11:52'),(189,62,'2022-03-09 15:48:10'),(190,127,'2022-03-10 08:18:09'),(191,62,'2022-03-10 08:23:16'),(192,108,'2022-03-10 08:44:39'),(193,1,'2022-03-10 08:58:48'),(194,127,'2022-03-10 09:12:38'),(195,122,'2022-03-10 09:34:35'),(196,60,'2022-03-10 10:15:05'),(197,127,'2022-03-10 11:48:24'),(198,1,'2022-03-10 11:52:37'),(199,122,'2022-03-10 14:00:20'),(200,62,'2022-03-10 14:23:16'),(201,127,'2022-03-10 15:28:17'),(202,127,'2022-03-10 15:31:42'),(203,108,'2022-03-11 08:22:45'),(204,88,'2022-03-11 09:54:45'),(205,127,'2022-03-11 12:07:04'),(206,108,'2022-03-14 09:42:04'),(207,62,'2022-03-14 11:29:06'),(208,62,'2022-03-14 11:54:05'),(209,177,'2022-03-14 12:05:04'),(210,88,'2022-03-14 14:23:07'),(211,62,'2022-03-14 15:51:15'),(212,60,'2022-03-15 08:04:02'),(213,60,'2022-03-15 08:21:34'),(214,108,'2022-03-15 08:24:21'),(215,60,'2022-03-15 08:26:06'),(216,41,'2022-03-15 08:28:21'),(217,88,'2022-03-15 08:35:32'),(218,50,'2022-03-15 09:47:29'),(219,1,'2022-03-15 09:52:23'),(220,182,'2022-03-15 10:08:28'),(221,183,'2022-03-15 10:12:58'),(222,1,'2022-03-15 12:40:43'),(223,127,'2022-03-15 14:04:53'),(224,62,'2022-03-15 14:17:42'),(225,62,'2022-03-15 14:17:48'),(226,49,'2022-03-15 17:51:30'),(227,49,'2022-03-15 17:51:43'),(228,108,'2022-03-16 08:20:30'),(229,88,'2022-03-16 12:45:10'),(230,182,'2022-03-16 14:35:34'),(231,108,'2022-03-17 09:52:08'),(232,182,'2022-03-17 10:16:29'),(233,88,'2022-03-18 12:21:10'),(234,145,'2022-03-18 12:42:11'),(235,176,'2022-03-20 10:37:32'),(236,108,'2022-03-21 08:19:03'),(237,49,'2022-03-21 08:24:36'),(238,62,'2022-03-21 12:27:42'),(239,60,'2022-03-21 16:01:18'),(240,88,'2022-03-22 08:25:43'),(241,61,'2022-03-22 08:32:57'),(242,88,'2022-03-22 09:47:04'),(243,183,'2022-03-22 09:52:17'),(244,183,'2022-03-22 10:02:59'),(245,145,'2022-03-22 10:15:51'),(246,108,'2022-03-22 12:28:06'),(247,1,'2022-03-23 11:55:27'),(248,49,'2022-03-23 14:10:41'),(249,177,'2022-03-24 12:23:06'),(250,88,'2022-03-24 13:19:55'),(251,62,'2022-03-24 13:53:50'),(252,1,'2022-03-24 13:54:40'),(253,49,'2022-03-25 09:39:17'),(254,49,'2022-03-25 11:42:28'),(255,1,'2022-03-25 13:07:02'),(256,56,'2022-03-25 15:13:53'),(257,1,'2022-03-28 07:14:48'),(258,108,'2022-03-28 07:17:49'),(259,108,'2022-03-28 07:18:27'),(260,145,'2022-03-28 07:24:55'),(261,1,'2022-03-28 11:20:31'),(262,108,'2022-03-28 11:25:35'),(263,124,'2022-03-28 11:27:25'),(264,49,'2022-03-28 13:06:06'),(265,49,'2022-03-28 13:29:42'),(266,62,'2022-03-28 13:29:47'),(267,180,'2022-03-28 14:38:15'),(268,182,'2022-03-28 14:47:58'),(269,131,'2022-03-29 05:49:46'),(270,182,'2022-03-29 05:54:22'),(271,131,'2022-03-29 05:54:25'),(272,180,'2022-03-29 07:17:18'),(273,108,'2022-03-29 09:00:43'),(274,144,'2022-03-29 10:40:45'),(275,61,'2022-03-29 11:08:18'),(276,60,'2022-03-29 11:11:52'),(277,131,'2022-03-29 14:34:47'),(278,56,'2022-03-29 14:37:05'),(279,46,'2022-03-29 14:38:00'),(280,166,'2022-03-29 14:38:16'),(281,46,'2022-03-29 14:40:18'),(282,131,'2022-03-30 05:47:04'),(283,49,'2022-03-30 07:26:44'),(284,1,'2022-03-30 10:53:58'),(285,108,'2022-03-30 11:25:30'),(286,182,'2022-03-30 14:33:03'),(287,166,'2022-03-30 14:34:37'),(288,131,'2022-03-30 14:35:22'),(289,56,'2022-03-30 14:39:58'),(290,185,'2022-03-30 17:35:56'),(291,176,'2022-03-30 23:12:46'),(292,131,'2022-03-31 05:52:40'),(293,180,'2022-03-31 07:17:06'),(294,131,'2022-03-31 07:18:45'),(295,61,'2022-03-31 07:23:30'),(296,46,'2022-03-31 07:23:52'),(297,144,'2022-03-31 07:30:37'),(298,144,'2022-03-31 07:41:07'),(299,62,'2022-03-31 07:55:50'),(300,60,'2022-03-31 10:59:15'),(301,1,'2022-03-31 11:51:40'),(302,145,'2022-03-31 13:17:51'),(303,166,'2022-03-31 14:39:37'),(304,131,'2022-03-31 14:40:04'),(305,46,'2022-03-31 14:42:18'),(306,62,'2022-03-31 14:55:38'),(307,185,'2022-03-31 15:53:42'),(308,189,'2022-03-31 15:58:25'),(309,151,'2022-03-31 16:15:55'),(310,131,'2022-04-01 05:48:23'),(311,108,'2022-04-01 07:07:46'),(312,60,'2022-04-01 07:23:04'),(313,151,'2022-04-01 08:47:17'),(314,62,'2022-04-01 08:49:22'),(315,60,'2022-04-01 08:56:49'),(316,144,'2022-04-01 10:59:03'),(317,1,'2022-04-01 11:12:11'),(318,138,'2022-04-01 11:55:03'),(319,62,'2022-04-01 13:00:03'),(320,152,'2022-04-01 14:58:59'),(321,60,'2022-04-03 14:11:20'),(322,50,'2022-04-03 14:13:37'),(323,152,'2022-04-04 08:20:27'),(324,1,'2022-04-04 08:31:43'),(325,152,'2022-04-04 10:27:24'),(326,108,'2022-04-04 10:56:04'),(327,190,'2022-04-04 11:33:02'),(328,1,'2022-04-04 11:34:15'),(329,41,'2022-04-04 12:29:30'),(330,152,'2022-04-04 13:15:23'),(331,151,'2022-04-04 13:16:32'),(332,185,'2022-04-04 16:28:04'),(333,176,'2022-04-04 16:36:01'),(334,60,'2022-04-04 16:51:30'),(335,62,'2022-04-05 07:09:49'),(336,190,'2022-04-05 07:20:21'),(337,144,'2022-04-05 07:24:39'),(338,108,'2022-04-05 07:55:12'),(339,1,'2022-04-05 08:37:15'),(340,41,'2022-04-05 08:45:46'),(341,191,'2022-04-05 08:53:11'),(342,41,'2022-04-05 09:00:52'),(343,61,'2022-04-05 09:22:18'),(344,152,'2022-04-05 09:22:19'),(345,49,'2022-04-05 09:23:03'),(346,58,'2022-04-05 09:24:07'),(347,189,'2022-04-05 09:25:12'),(348,145,'2022-04-05 09:28:14'),(349,195,'2022-04-05 09:33:16'),(350,88,'2022-04-05 10:32:50'),(351,50,'2022-04-05 11:09:32'),(352,62,'2022-04-05 11:16:49'),(353,152,'2022-04-05 11:21:21'),(354,62,'2022-04-05 11:27:04'),(355,108,'2022-04-05 11:27:04'),(356,190,'2022-04-05 11:30:04'),(357,41,'2022-04-05 12:18:04'),(358,60,'2022-04-05 13:18:43'),(359,148,'2022-04-05 14:08:08'),(360,41,'2022-04-06 06:19:54'),(361,190,'2022-04-06 07:20:46'),(362,62,'2022-04-06 07:31:23'),(363,50,'2022-04-06 07:47:53'),(364,60,'2022-04-06 09:02:43'),(365,152,'2022-04-06 09:02:59'),(366,195,'2022-04-06 09:24:07'),(367,196,'2022-04-06 09:32:24'),(368,108,'2022-04-06 11:12:53'),(369,145,'2022-04-06 11:36:43'),(370,180,'2022-04-06 12:07:47'),(371,62,'2022-04-06 12:18:35'),(372,58,'2022-04-06 12:21:44'),(373,152,'2022-04-06 13:04:20'),(374,189,'2022-04-06 13:05:21'),(375,182,'2022-04-06 14:48:46'),(376,152,'2022-04-06 14:51:54'),(377,196,'2022-04-06 15:00:55'),(378,43,'2022-04-06 15:05:17'),(379,127,'2022-04-06 15:20:22'),(380,61,'2022-04-06 18:02:03'),(381,180,'2022-04-07 07:21:49'),(382,127,'2022-04-07 07:24:38'),(383,138,'2022-04-07 07:25:59'),(384,88,'2022-04-07 07:28:38'),(385,62,'2022-04-07 07:32:48'),(386,145,'2022-04-07 07:35:32'),(387,183,'2022-04-07 07:35:40'),(388,1,'2022-04-07 07:38:30'),(389,108,'2022-04-07 07:58:22'),(390,152,'2022-04-07 08:04:48'),(391,58,'2022-04-07 08:18:39'),(392,189,'2022-04-07 08:35:55'),(393,144,'2022-04-07 08:54:34'),(394,49,'2022-04-07 08:54:59'),(395,200,'2022-04-07 09:28:41'),(396,127,'2022-04-07 10:46:57'),(397,115,'2022-04-07 10:52:59'),(398,196,'2022-04-07 11:47:44'),(399,138,'2022-04-07 13:02:34'),(400,195,'2022-04-07 13:05:16'),(401,152,'2022-04-07 13:06:15'),(402,151,'2022-04-07 13:07:14'),(403,180,'2022-04-07 13:13:07'),(404,192,'2022-04-07 13:18:21'),(405,127,'2022-04-07 13:18:44'),(406,124,'2022-04-07 13:19:23'),(407,127,'2022-04-07 13:29:31'),(408,1,'2022-04-07 13:32:51'),(409,189,'2022-04-07 14:51:16'),(410,151,'2022-04-07 14:51:27'),(411,152,'2022-04-07 15:00:25'),(412,182,'2022-04-07 15:01:04'),(413,61,'2022-04-07 15:02:13'),(414,138,'2022-04-07 15:08:04'),(415,196,'2022-04-07 15:34:15'),(416,60,'2022-04-07 16:00:49'),(417,185,'2022-04-07 16:01:24'),(418,1,'2022-04-07 16:03:06'),(419,200,'2022-04-07 16:42:56'),(420,125,'2022-04-08 06:22:53'),(421,203,'2022-04-08 06:25:59'),(422,203,'2022-04-08 06:47:11'),(423,127,'2022-04-08 07:19:40'),(424,152,'2022-04-08 07:20:32'),(425,195,'2022-04-08 07:22:03'),(426,61,'2022-04-08 07:31:14'),(427,192,'2022-04-08 08:06:37'),(428,191,'2022-04-08 08:12:46'),(429,183,'2022-04-08 08:56:49'),(430,189,'2022-04-08 08:57:10'),(431,58,'2022-04-08 09:02:29'),(432,62,'2022-04-08 09:10:53'),(433,1,'2022-04-08 10:53:10'),(434,152,'2022-04-08 10:56:06'),(435,152,'2022-04-08 11:01:42'),(436,127,'2022-04-08 11:24:37'),(437,124,'2022-04-08 11:25:59'),(438,203,'2022-04-08 11:29:42'),(439,204,'2022-04-08 11:31:48'),(440,125,'2022-04-08 11:36:30'),(441,195,'2022-04-08 11:39:34'),(442,152,'2022-04-08 11:48:38'),(443,61,'2022-04-08 11:49:29'),(444,62,'2022-04-08 13:50:25'),(445,138,'2022-04-08 14:11:13'),(446,189,'2022-04-08 14:16:30'),(447,203,'2022-04-08 15:21:00'),(448,203,'2022-04-08 15:21:14'),(449,127,'2022-04-11 07:20:19'),(450,124,'2022-04-11 07:21:02'),(451,62,'2022-04-11 07:25:30'),(452,182,'2022-04-11 08:55:35'),(453,115,'2022-04-11 09:05:23'),(454,58,'2022-04-11 09:06:09'),(455,195,'2022-04-11 09:06:59'),(456,62,'2022-04-11 09:07:55'),(457,152,'2022-04-11 10:50:27'),(458,62,'2022-04-11 10:50:58'),(459,138,'2022-04-11 11:10:56'),(460,108,'2022-04-11 11:16:19'),(461,203,'2022-04-11 12:50:54'),(462,152,'2022-04-11 13:22:53'),(463,192,'2022-04-11 13:43:53'),(464,191,'2022-04-11 14:07:27'),(465,138,'2022-04-11 14:33:48'),(466,193,'2022-04-11 14:44:13'),(467,185,'2022-04-12 05:46:45'),(468,190,'2022-04-12 07:12:28'),(469,41,'2022-04-12 07:15:29'),(470,199,'2022-04-12 07:17:17'),(471,108,'2022-04-12 07:17:48'),(472,190,'2022-04-12 07:18:45'),(473,145,'2022-04-12 07:19:34'),(474,144,'2022-04-12 07:21:46'),(475,115,'2022-04-12 07:25:38'),(476,1,'2022-04-12 07:25:54'),(477,192,'2022-04-12 07:37:14'),(478,204,'2022-04-12 07:58:28'),(479,1,'2022-04-12 07:59:15'),(480,198,'2022-04-12 08:00:01'),(481,203,'2022-04-12 08:03:46'),(482,152,'2022-04-12 08:08:32'),(483,61,'2022-04-12 08:38:09'),(484,205,'2022-04-12 08:39:51'),(485,193,'2022-04-12 08:49:07'),(486,62,'2022-04-12 08:55:50'),(487,195,'2022-04-12 09:26:02'),(488,196,'2022-04-12 09:55:13'),(489,191,'2022-04-12 10:16:48'),(490,152,'2022-04-12 10:34:16'),(491,196,'2022-04-12 10:51:18'),(492,108,'2022-04-12 11:23:37'),(493,190,'2022-04-12 11:30:33'),(494,152,'2022-04-12 13:03:37'),(495,145,'2022-04-12 13:07:47'),(496,182,'2022-04-12 13:30:23'),(497,199,'2022-04-12 13:37:55'),(498,199,'2022-04-12 13:38:00'),(499,62,'2022-04-12 13:40:50'),(500,196,'2022-04-12 14:18:45'),(501,185,'2022-04-12 14:33:21'),(502,152,'2022-04-12 15:06:31'),(503,176,'2022-04-13 06:30:00'),(504,152,'2022-04-13 07:24:27'),(505,185,'2022-04-13 07:32:59'),(506,41,'2022-04-13 07:42:16'),(507,192,'2022-04-13 08:03:52'),(508,191,'2022-04-13 08:03:57'),(509,1,'2022-04-13 08:07:29'),(510,62,'2022-04-13 08:17:51'),(511,108,'2022-04-13 09:00:15'),(512,193,'2022-04-13 09:31:47'),(513,115,'2022-04-13 09:33:08'),(514,62,'2022-04-13 10:06:56'),(515,185,'2022-04-13 10:21:54'),(516,177,'2022-04-13 11:10:34'),(517,145,'2022-04-13 11:19:20'),(518,189,'2022-04-13 12:00:53'),(519,62,'2022-04-13 13:33:14'),(520,152,'2022-04-13 14:10:20'),(521,205,'2022-04-13 14:35:38'),(522,61,'2022-04-13 14:46:40'),(523,152,'2022-04-13 15:06:22'),(524,58,'2022-04-13 15:12:00'),(525,189,'2022-04-13 16:22:04'),(526,138,'2022-04-14 07:13:44'),(527,180,'2022-04-14 07:15:27'),(528,62,'2022-04-14 07:16:12'),(529,138,'2022-04-14 07:19:24'),(530,195,'2022-04-14 07:25:53'),(531,61,'2022-04-14 07:33:54'),(532,190,'2022-04-14 07:37:41'),(533,207,'2022-04-14 07:38:23'),(534,189,'2022-04-14 07:39:26'),(535,183,'2022-04-14 07:51:40'),(536,199,'2022-04-14 08:04:39'),(537,152,'2022-04-14 09:06:37'),(538,191,'2022-04-14 11:47:44'),(539,195,'2022-04-14 12:18:10'),(540,198,'2022-04-14 12:36:17'),(541,41,'2022-04-14 12:37:34'),(542,206,'2022-04-14 12:48:30'),(543,203,'2022-04-14 12:56:40'),(544,204,'2022-04-14 12:56:47'),(545,1,'2022-04-14 12:58:01'),(546,199,'2022-04-14 13:04:57'),(547,179,'2022-04-14 13:05:29'),(548,193,'2022-04-14 13:07:16'),(549,125,'2022-04-14 13:15:08'),(550,180,'2022-04-14 14:39:39'),(551,198,'2022-04-14 14:54:46'),(552,58,'2022-04-14 14:55:48'),(553,204,'2022-04-14 15:39:13'),(554,62,'2022-04-14 15:50:56'),(555,204,'2022-04-14 16:07:47'),(556,199,'2022-04-15 07:29:53'),(557,62,'2022-04-15 07:30:47'),(558,144,'2022-04-15 08:50:37'),(559,115,'2022-04-15 08:51:24'),(560,115,'2022-04-15 09:01:55'),(561,62,'2022-04-15 09:02:40'),(562,49,'2022-04-15 09:10:12'),(563,207,'2022-04-15 10:58:52'),(564,62,'2022-04-15 11:21:39'),(565,198,'2022-04-15 12:34:42'),(566,125,'2022-04-15 13:11:51'),(567,203,'2022-04-15 14:11:43'),(568,203,'2022-04-15 14:11:53'),(569,152,'2022-04-15 14:23:01'),(570,145,'2022-04-15 15:10:21'),(571,152,'2022-04-25 07:17:28'),(572,195,'2022-04-25 07:19:40'),(573,60,'2022-04-25 07:20:18'),(574,209,'2022-04-25 07:24:07'),(575,131,'2022-04-25 07:26:39'),(576,166,'2022-04-25 07:26:55'),(577,185,'2022-04-25 07:27:43'),(578,155,'2022-04-25 07:31:00'),(579,189,'2022-04-25 07:33:01'),(580,115,'2022-04-25 08:52:48'),(581,115,'2022-04-25 09:05:32'),(582,61,'2022-04-25 09:06:20'),(583,135,'2022-04-25 09:10:35'),(584,46,'2022-04-25 09:11:39'),(585,152,'2022-04-25 11:12:06'),(586,125,'2022-04-25 11:12:19'),(587,155,'2022-04-25 11:12:28'),(588,108,'2022-04-25 11:13:15'),(589,189,'2022-04-25 11:14:16'),(590,145,'2022-04-25 11:31:13'),(591,145,'2022-04-25 11:31:14'),(592,1,'2022-04-25 12:02:27'),(593,152,'2022-04-25 13:04:41'),(594,209,'2022-04-25 13:05:45'),(595,206,'2022-04-25 13:06:48'),(596,189,'2022-04-25 14:47:56'),(597,124,'2022-04-25 14:51:53'),(598,152,'2022-04-25 14:52:28'),(599,191,'2022-04-25 15:03:57'),(600,62,'2022-04-25 15:25:50'),(601,212,'2022-04-25 16:24:43'),(602,155,'2022-04-25 16:25:28'),(603,198,'2022-04-25 18:59:01'),(604,58,'2022-04-25 20:16:23'),(605,131,'2022-04-26 05:51:24'),(606,191,'2022-04-26 06:00:32'),(607,61,'2022-04-26 07:06:28'),(608,152,'2022-04-26 07:07:15'),(609,189,'2022-04-26 07:08:51'),(610,155,'2022-04-26 07:10:56'),(611,211,'2022-04-26 07:11:22'),(612,60,'2022-04-26 07:12:55'),(613,206,'2022-04-26 07:15:42'),(614,148,'2022-04-26 07:16:05'),(615,60,'2022-04-26 07:16:29'),(616,195,'2022-04-26 07:19:05'),(617,193,'2022-04-26 07:19:21'),(618,166,'2022-04-26 07:20:02'),(619,138,'2022-04-26 07:21:07'),(620,65,'2022-04-26 07:22:35'),(621,213,'2022-04-26 07:27:34'),(622,183,'2022-04-26 07:30:22'),(623,112,'2022-04-26 07:30:27'),(624,138,'2022-04-26 07:31:28'),(625,145,'2022-04-26 07:33:35'),(626,125,'2022-04-26 08:49:40'),(627,108,'2022-04-26 08:49:49'),(628,192,'2022-04-26 08:50:42'),(629,189,'2022-04-26 08:51:41'),(630,200,'2022-04-26 09:31:27'),(631,161,'2022-04-26 11:00:32'),(632,189,'2022-04-26 11:07:01'),(633,152,'2022-04-26 11:10:42'),(634,203,'2022-04-26 11:17:05'),(635,185,'2022-04-26 11:17:05'),(636,56,'2022-04-26 13:05:23'),(637,189,'2022-04-26 13:07:23'),(638,212,'2022-04-26 13:08:04'),(639,155,'2022-04-26 13:08:46'),(640,212,'2022-04-26 13:09:18'),(641,209,'2022-04-26 13:09:48'),(642,218,'2022-04-26 13:16:18'),(643,211,'2022-04-26 13:16:29'),(644,49,'2022-04-26 13:17:17'),(645,125,'2022-04-26 13:18:01'),(646,177,'2022-04-26 13:45:24'),(647,189,'2022-04-26 14:22:03'),(648,182,'2022-04-26 14:49:35'),(649,199,'2022-04-26 16:13:30'),(650,135,'2022-04-26 16:15:19'),(651,61,'2022-04-26 16:19:44'),(652,135,'2022-04-26 16:20:51'),(653,131,'2022-04-26 16:22:06'),(654,65,'2022-04-26 16:22:48'),(655,155,'2022-04-26 16:30:39'),(656,212,'2022-04-26 16:34:51'),(657,212,'2022-04-26 16:36:37'),(658,152,'2022-04-26 17:26:28'),(659,131,'2022-04-27 05:50:35'),(660,152,'2022-04-27 05:56:28'),(661,183,'2022-04-27 07:02:11'),(662,208,'2022-04-27 07:04:50'),(663,211,'2022-04-27 07:17:41'),(664,190,'2022-04-27 07:21:02'),(665,46,'2022-04-27 07:22:27'),(666,152,'2022-04-27 07:25:23'),(667,161,'2022-04-27 07:26:30'),(668,189,'2022-04-27 07:29:13'),(669,134,'2022-04-27 07:32:10'),(670,108,'2022-04-27 08:49:34'),(671,125,'2022-04-27 08:50:32'),(672,115,'2022-04-27 08:50:44'),(673,205,'2022-04-27 08:54:32'),(674,205,'2022-04-27 08:54:32'),(675,205,'2022-04-27 08:54:33'),(676,212,'2022-04-27 09:05:38'),(677,198,'2022-04-27 09:05:43'),(678,200,'2022-04-27 09:07:48'),(679,212,'2022-04-27 09:10:36'),(680,134,'2022-04-27 10:54:44'),(681,145,'2022-04-27 11:04:31'),(682,177,'2022-04-27 11:39:04'),(683,198,'2022-04-27 12:49:56'),(684,46,'2022-04-27 12:57:23'),(685,155,'2022-04-27 13:03:39'),(686,193,'2022-04-27 13:06:13'),(687,209,'2022-04-27 13:12:45'),(688,176,'2022-04-27 13:22:17'),(689,176,'2022-04-27 13:24:38'),(690,58,'2022-04-27 14:12:34'),(691,193,'2022-04-27 14:22:42'),(692,203,'2022-04-27 14:26:24'),(693,204,'2022-04-27 14:26:30'),(694,193,'2022-04-27 14:29:39'),(695,203,'2022-04-27 14:30:44'),(696,192,'2022-04-27 14:33:21'),(697,217,'2022-04-27 14:48:13'),(698,222,'2022-04-27 14:48:15'),(699,182,'2022-04-27 14:50:36'),(700,155,'2022-04-27 14:50:55'),(701,206,'2022-04-27 15:00:14'),(702,195,'2022-04-27 15:01:28'),(703,196,'2022-04-27 16:28:26'),(704,60,'2022-04-28 07:15:35'),(705,212,'2022-04-28 07:17:10'),(706,222,'2022-04-28 07:17:10'),(707,209,'2022-04-28 07:17:28'),(708,193,'2022-04-28 07:17:46'),(709,217,'2022-04-28 07:17:48'),(710,115,'2022-04-28 07:19:13'),(711,211,'2022-04-28 07:20:16'),(712,60,'2022-04-28 07:20:26'),(713,155,'2022-04-28 07:20:38'),(714,134,'2022-04-28 07:22:09'),(715,135,'2022-04-28 07:22:12'),(716,224,'2022-04-28 07:23:29'),(717,169,'2022-04-28 07:23:33'),(718,125,'2022-04-28 07:23:49'),(719,145,'2022-04-28 07:24:20'),(720,49,'2022-04-28 07:25:10'),(721,161,'2022-04-28 07:25:45'),(722,108,'2022-04-28 07:25:49'),(723,108,'2022-04-28 07:25:50'),(724,223,'2022-04-28 07:26:38'),(725,112,'2022-04-28 07:26:47'),(726,208,'2022-04-28 07:27:04'),(727,46,'2022-04-28 07:28:37'),(728,166,'2022-04-28 07:29:52'),(729,61,'2022-04-28 07:31:35'),(730,152,'2022-04-28 07:34:18'),(731,224,'2022-04-28 07:35:55'),(732,206,'2022-04-28 07:38:45'),(733,200,'2022-04-28 07:46:03'),(734,203,'2022-04-28 07:53:16'),(735,189,'2022-04-28 07:56:55'),(736,62,'2022-04-28 08:59:16'),(737,62,'2022-04-28 09:02:42'),(738,203,'2022-04-28 09:38:26'),(739,152,'2022-04-28 10:52:33'),(740,135,'2022-04-28 11:02:52'),(741,125,'2022-04-28 11:03:14'),(742,196,'2022-04-28 11:12:45'),(743,134,'2022-04-28 11:15:37'),(744,169,'2022-04-28 11:18:27'),(745,108,'2022-04-28 11:36:03'),(746,125,'2022-04-28 11:38:47'),(747,211,'2022-04-28 11:40:35'),(748,1,'2022-04-28 11:44:57'),(749,169,'2022-04-28 13:11:28'),(750,217,'2022-04-28 13:13:21'),(751,224,'2022-04-28 14:35:48'),(752,200,'2022-04-28 14:39:03'),(753,189,'2022-04-28 14:42:09'),(754,189,'2022-04-28 14:42:11'),(755,152,'2022-04-28 14:42:56'),(756,46,'2022-04-28 14:45:18'),(757,222,'2022-04-28 14:47:01'),(758,193,'2022-04-28 14:50:40'),(759,217,'2022-04-28 14:51:58'),(760,46,'2022-04-28 14:52:17'),(761,212,'2022-04-28 14:55:36'),(762,169,'2022-04-28 14:56:23'),(763,155,'2022-04-28 14:56:55'),(764,217,'2022-04-28 14:58:24'),(765,217,'2022-04-28 14:58:34'),(766,62,'2022-04-28 14:58:34'),(767,161,'2022-04-28 15:25:47'),(768,138,'2022-04-28 15:46:37'),(769,138,'2022-04-28 15:46:50'),(770,198,'2022-04-28 15:59:07'),(771,212,'2022-04-28 16:35:30'),(772,61,'2022-04-28 17:16:04'),(773,203,'2022-04-28 18:19:16'),(774,169,'2022-04-28 18:38:34'),(775,176,'2022-04-28 19:11:36'),(776,148,'2022-04-29 07:09:52'),(777,222,'2022-04-29 07:10:01'),(778,46,'2022-04-29 07:11:10'),(779,189,'2022-04-29 07:13:32'),(780,62,'2022-04-29 07:13:41'),(781,211,'2022-04-29 07:13:52'),(782,152,'2022-04-29 07:13:58'),(783,193,'2022-04-29 07:22:28'),(784,125,'2022-04-29 07:23:00'),(785,206,'2022-04-29 07:26:18'),(786,138,'2022-04-29 07:28:51'),(787,176,'2022-04-29 07:30:32'),(788,213,'2022-04-29 08:49:01'),(789,115,'2022-04-29 08:50:33'),(790,134,'2022-04-29 08:50:47'),(791,224,'2022-04-29 08:58:59'),(792,208,'2022-04-29 09:03:30'),(793,217,'2022-04-29 10:22:15'),(794,189,'2022-04-29 10:59:06'),(795,125,'2022-04-29 11:09:51'),(796,134,'2022-04-29 11:12:38'),(797,58,'2022-04-29 11:20:09'),(798,53,'2022-04-29 11:23:16'),(799,62,'2022-04-29 11:35:18'),(800,189,'2022-04-29 13:07:07'),(801,155,'2022-04-29 13:07:36'),(802,152,'2022-04-29 13:11:43'),(803,209,'2022-04-29 13:15:14'),(804,134,'2022-04-29 14:36:17'),(805,169,'2022-04-29 14:43:37'),(806,222,'2022-04-29 14:43:50'),(807,152,'2022-04-29 14:52:54'),(808,206,'2022-04-29 15:12:38'),(809,58,'2022-04-29 16:13:17'),(810,58,'2022-04-29 16:13:46'),(811,198,'2022-05-01 14:22:21'),(812,203,'2022-05-01 14:24:15'),(813,56,'2022-05-02 07:02:58'),(814,135,'2022-05-02 07:20:03'),(815,161,'2022-05-02 07:20:39'),(816,166,'2022-05-02 07:20:50'),(817,222,'2022-05-02 07:22:47'),(818,222,'2022-05-02 07:22:47'),(819,222,'2022-05-02 07:22:49'),(820,134,'2022-05-02 07:23:41'),(821,169,'2022-05-02 07:25:11'),(822,108,'2022-05-02 07:25:23'),(823,189,'2022-05-02 07:26:17'),(824,138,'2022-05-02 07:26:54'),(825,217,'2022-05-02 07:28:27'),(826,212,'2022-05-02 07:28:35'),(827,218,'2022-05-02 07:28:49'),(828,169,'2022-05-02 07:36:02'),(829,203,'2022-05-02 07:41:56'),(830,161,'2022-05-02 08:44:19'),(831,134,'2022-05-02 08:45:19'),(832,1,'2022-05-02 08:46:33'),(833,192,'2022-05-02 08:50:15'),(834,206,'2022-05-02 08:53:30'),(835,208,'2022-05-02 08:59:04'),(836,49,'2022-05-02 10:42:50'),(837,62,'2022-05-02 10:45:37'),(838,152,'2022-05-02 11:01:22'),(839,222,'2022-05-02 11:21:06'),(840,217,'2022-05-02 11:21:13'),(841,155,'2022-05-02 11:27:50'),(842,65,'2022-05-02 11:29:16'),(843,132,'2022-05-02 11:32:58'),(844,189,'2022-05-02 11:33:35'),(845,169,'2022-05-02 11:38:23'),(846,211,'2022-05-02 11:39:00'),(847,177,'2022-05-02 12:57:25'),(848,134,'2022-05-02 13:01:33'),(849,209,'2022-05-02 13:04:19'),(850,217,'2022-05-02 13:04:23'),(851,152,'2022-05-02 13:06:41'),(852,46,'2022-05-02 13:08:33'),(853,58,'2022-05-02 13:13:33'),(854,62,'2022-05-02 14:25:19'),(855,62,'2022-05-02 14:26:41'),(856,224,'2022-05-02 14:30:08'),(857,145,'2022-05-02 14:38:22'),(858,206,'2022-05-02 14:39:30'),(859,195,'2022-05-02 14:40:10'),(860,222,'2022-05-02 14:55:17'),(861,155,'2022-05-02 14:55:47'),(862,212,'2022-05-02 15:00:20'),(863,217,'2022-05-02 15:02:15'),(864,200,'2022-05-02 15:05:12'),(865,46,'2022-05-02 15:07:45'),(866,191,'2022-05-02 15:27:27'),(867,180,'2022-05-02 16:04:07'),(868,203,'2022-05-02 16:21:49'),(869,46,'2022-05-02 18:05:17'),(870,212,'2022-05-02 18:05:21'),(871,169,'2022-05-02 18:05:46'),(872,217,'2022-05-02 18:05:50'),(873,61,'2022-05-03 06:07:05'),(874,222,'2022-05-03 06:09:49'),(875,169,'2022-05-03 06:22:23'),(876,134,'2022-05-03 07:21:54'),(877,131,'2022-05-03 07:22:07'),(878,131,'2022-05-03 07:22:14'),(879,166,'2022-05-03 07:22:26'),(880,152,'2022-05-03 07:22:34'),(881,213,'2022-05-03 07:22:51'),(882,179,'2022-05-03 07:23:04'),(883,115,'2022-05-03 07:23:32'),(884,125,'2022-05-03 07:24:04'),(885,108,'2022-05-03 07:24:19'),(886,115,'2022-05-03 07:24:40'),(887,145,'2022-05-03 07:25:24'),(888,223,'2022-05-03 07:26:24'),(889,218,'2022-05-03 07:27:48'),(890,212,'2022-05-03 07:27:54'),(891,56,'2022-05-03 07:29:08'),(892,155,'2022-05-03 07:29:25'),(893,211,'2022-05-03 07:29:39'),(894,208,'2022-05-03 07:30:03'),(895,138,'2022-05-03 07:31:04'),(896,209,'2022-05-03 07:31:46'),(897,176,'2022-05-03 07:42:14'),(898,206,'2022-05-03 08:51:10'),(899,134,'2022-05-03 08:55:55'),(900,161,'2022-05-03 08:56:33'),(901,200,'2022-05-03 08:57:54'),(902,224,'2022-05-03 08:58:03'),(903,132,'2022-05-03 09:00:04'),(904,217,'2022-05-03 09:05:45'),(905,41,'2022-05-03 10:40:29'),(906,135,'2022-05-03 10:55:20'),(907,145,'2022-05-03 11:01:47'),(908,62,'2022-05-03 11:33:48'),(909,195,'2022-05-03 13:00:52'),(910,206,'2022-05-03 13:02:36'),(911,155,'2022-05-03 13:09:57'),(912,212,'2022-05-03 13:10:38'),(913,189,'2022-05-03 13:33:01'),(914,217,'2022-05-03 14:49:07'),(915,169,'2022-05-03 14:52:25'),(916,218,'2022-05-03 14:52:37'),(917,176,'2022-05-03 14:55:07'),(918,182,'2022-05-03 15:15:35'),(919,203,'2022-05-03 16:45:35'),(920,131,'2022-05-04 05:50:44'),(921,203,'2022-05-04 06:30:48'),(922,155,'2022-05-04 07:18:09'),(923,108,'2022-05-04 07:19:20'),(924,224,'2022-05-04 07:19:41'),(925,125,'2022-05-04 07:20:28'),(926,193,'2022-05-04 07:21:43'),(927,46,'2022-05-04 07:25:10'),(928,152,'2022-05-04 07:26:42'),(929,222,'2022-05-04 07:29:57'),(930,212,'2022-05-04 07:29:59'),(931,208,'2022-05-04 09:02:39'),(932,222,'2022-05-04 09:04:53'),(933,189,'2022-05-04 09:05:23'),(934,135,'2022-05-04 09:11:58'),(935,161,'2022-05-04 09:12:26'),(936,62,'2022-05-04 09:19:34'),(937,206,'2022-05-04 09:22:03'),(938,169,'2022-05-04 09:23:20'),(939,231,'2022-05-04 10:26:09'),(940,231,'2022-05-04 11:06:09'),(941,231,'2022-05-04 11:07:25'),(942,214,'2022-05-04 11:08:43'),(943,155,'2022-05-04 11:08:49'),(944,134,'2022-05-04 11:11:50'),(945,211,'2022-05-04 11:12:16'),(946,211,'2022-05-04 11:12:20'),(947,135,'2022-05-04 11:12:48'),(948,161,'2022-05-04 11:13:23'),(949,161,'2022-05-04 11:13:25'),(950,145,'2022-05-04 11:14:13'),(951,143,'2022-05-04 11:16:25'),(952,115,'2022-05-04 11:17:11'),(953,108,'2022-05-04 11:22:58'),(954,203,'2022-05-04 11:23:14'),(955,152,'2022-05-04 11:26:12'),(956,224,'2022-05-04 11:32:34'),(957,196,'2022-05-04 11:32:54'),(958,176,'2022-05-04 11:34:13'),(959,189,'2022-05-04 11:53:53'),(960,134,'2022-05-04 13:06:49'),(961,227,'2022-05-04 13:14:40'),(962,209,'2022-05-04 13:14:47'),(963,135,'2022-05-04 13:15:14'),(964,200,'2022-05-04 13:38:30'),(965,191,'2022-05-04 14:26:27'),(966,132,'2022-05-04 14:36:24'),(967,134,'2022-05-04 14:36:34'),(968,65,'2022-05-04 14:44:30'),(969,227,'2022-05-04 15:00:01'),(970,155,'2022-05-04 15:00:40'),(971,212,'2022-05-04 15:05:44'),(972,182,'2022-05-04 15:09:45'),(973,189,'2022-05-04 15:10:04'),(974,169,'2022-05-04 15:16:10'),(975,221,'2022-05-04 15:20:02'),(976,195,'2022-05-04 15:49:11'),(977,62,'2022-05-05 05:50:29'),(978,203,'2022-05-05 07:05:58'),(979,152,'2022-05-05 07:08:25'),(980,115,'2022-05-05 07:11:31'),(981,134,'2022-05-05 07:12:20'),(982,161,'2022-05-05 07:12:29'),(983,224,'2022-05-05 07:15:32'),(984,211,'2022-05-05 07:16:53'),(985,61,'2022-05-05 07:17:12'),(986,145,'2022-05-05 07:17:52'),(987,222,'2022-05-05 07:19:12'),(988,161,'2022-05-05 07:20:17'),(989,131,'2022-05-05 07:20:35'),(990,166,'2022-05-05 07:20:39'),(991,220,'2022-05-05 07:20:45'),(992,222,'2022-05-05 07:21:06'),(993,155,'2022-05-05 07:21:11'),(994,180,'2022-05-05 07:21:20'),(995,227,'2022-05-05 07:21:22'),(996,209,'2022-05-05 07:21:42'),(997,193,'2022-05-05 07:21:42'),(998,213,'2022-05-05 07:21:55'),(999,179,'2022-05-05 07:21:56'),(1000,135,'2022-05-05 07:22:03'),(1001,195,'2022-05-05 07:22:37'),(1002,218,'2022-05-05 07:22:42'),(1003,169,'2022-05-05 07:22:47'),(1004,148,'2022-05-05 07:23:00'),(1005,46,'2022-05-05 07:23:41'),(1006,65,'2022-05-05 07:23:53'),(1007,143,'2022-05-05 07:24:36'),(1008,212,'2022-05-05 07:24:55'),(1009,199,'2022-05-05 07:24:58'),(1010,53,'2022-05-05 07:25:02'),(1011,214,'2022-05-05 07:26:03'),(1012,46,'2022-05-05 07:27:29'),(1013,61,'2022-05-05 07:30:02'),(1014,135,'2022-05-05 07:30:39'),(1015,169,'2022-05-05 07:31:42'),(1016,148,'2022-05-05 07:32:03'),(1017,176,'2022-05-05 07:42:49'),(1018,1,'2022-05-05 07:42:57'),(1019,191,'2022-05-05 07:52:17'),(1020,143,'2022-05-05 08:53:03'),(1021,134,'2022-05-05 08:54:07'),(1022,148,'2022-05-05 09:09:59'),(1023,206,'2022-05-05 09:22:30'),(1024,189,'2022-05-05 09:32:06'),(1025,161,'2022-05-05 10:58:34'),(1026,161,'2022-05-05 10:58:35'),(1027,222,'2022-05-05 11:02:45'),(1028,155,'2022-05-05 11:05:34'),(1029,218,'2022-05-05 11:06:23'),(1030,227,'2022-05-05 11:06:29'),(1031,221,'2022-05-05 11:07:07'),(1032,132,'2022-05-05 11:12:07'),(1033,62,'2022-05-05 11:23:10'),(1034,50,'2022-05-05 11:24:30'),(1035,134,'2022-05-05 13:04:27'),(1036,204,'2022-05-05 13:54:41'),(1037,155,'2022-05-05 14:36:11'),(1038,62,'2022-05-05 14:43:33'),(1039,180,'2022-05-05 15:07:43'),(1040,196,'2022-05-05 15:14:39'),(1041,56,'2022-05-05 15:42:28'),(1042,56,'2022-05-05 15:44:16'),(1043,191,'2022-05-05 15:48:03'),(1044,227,'2022-05-05 16:02:41'),(1045,227,'2022-05-05 16:02:41'),(1046,166,'2022-05-06 07:18:14'),(1047,212,'2022-05-06 07:21:09'),(1048,134,'2022-05-06 07:21:58'),(1049,222,'2022-05-06 07:22:32'),(1050,206,'2022-05-06 07:23:00'),(1051,62,'2022-05-06 07:28:01'),(1052,195,'2022-05-06 07:28:32'),(1053,53,'2022-05-06 07:30:45'),(1054,161,'2022-05-06 07:31:25'),(1055,169,'2022-05-06 07:32:04'),(1056,191,'2022-05-06 07:32:52'),(1057,183,'2022-05-06 07:34:10'),(1058,193,'2022-05-06 07:47:59'),(1059,203,'2022-05-06 08:35:14'),(1060,208,'2022-05-06 09:09:12'),(1061,62,'2022-05-06 09:09:55'),(1062,134,'2022-05-06 09:14:21'),(1063,150,'2022-05-06 09:15:50'),(1064,143,'2022-05-06 09:17:32'),(1065,143,'2022-05-06 09:17:38'),(1066,132,'2022-05-06 09:19:43'),(1067,108,'2022-05-06 09:20:32'),(1068,65,'2022-05-06 09:23:30'),(1069,221,'2022-05-06 10:50:08'),(1070,227,'2022-05-06 11:02:28'),(1071,152,'2022-05-06 11:09:11'),(1072,155,'2022-05-06 11:24:45'),(1073,152,'2022-05-06 11:26:08'),(1074,152,'2022-05-06 11:26:14'),(1075,222,'2022-05-06 11:26:20'),(1076,209,'2022-05-06 11:37:37'),(1077,203,'2022-05-06 12:03:48'),(1078,65,'2022-05-06 13:00:25'),(1079,134,'2022-05-06 13:17:34'),(1080,56,'2022-05-06 13:32:18'),(1081,204,'2022-05-06 14:01:55'),(1082,203,'2022-05-06 14:02:45'),(1083,198,'2022-05-06 14:05:37'),(1084,182,'2022-05-06 14:36:44'),(1085,182,'2022-05-06 14:36:47'),(1086,183,'2022-05-06 14:37:43'),(1087,221,'2022-05-06 14:50:42'),(1088,152,'2022-05-06 15:13:55'),(1089,209,'2022-05-06 16:12:21'),(1090,152,'2022-05-07 14:12:15'),(1091,203,'2022-05-07 14:45:08'),(1092,204,'2022-05-07 15:22:18'),(1093,198,'2022-05-07 17:42:54'),(1094,203,'2022-05-08 15:46:14'),(1095,131,'2022-05-09 05:49:16'),(1096,131,'2022-05-09 05:50:32'),(1097,65,'2022-05-09 06:35:04'),(1098,152,'2022-05-09 07:16:05'),(1099,206,'2022-05-09 07:16:15'),(1100,155,'2022-05-09 07:16:43'),(1101,211,'2022-05-09 07:18:41'),(1102,227,'2022-05-09 07:18:45'),(1103,222,'2022-05-09 07:18:52'),(1104,212,'2022-05-09 07:20:07'),(1105,195,'2022-05-09 07:20:45'),(1106,1,'2022-05-09 07:21:03'),(1107,134,'2022-05-09 07:23:17'),(1108,208,'2022-05-09 07:23:23'),(1109,166,'2022-05-09 07:24:02'),(1110,190,'2022-05-09 07:24:07'),(1111,112,'2022-05-09 07:24:20'),(1112,169,'2022-05-09 07:25:00'),(1113,125,'2022-05-09 07:27:24'),(1114,196,'2022-05-09 08:17:54'),(1115,198,'2022-05-09 08:22:24'),(1116,49,'2022-05-09 08:40:13'),(1117,49,'2022-05-09 08:40:25'),(1118,108,'2022-05-09 08:46:37'),(1119,224,'2022-05-09 08:49:04'),(1120,138,'2022-05-09 08:50:33'),(1121,134,'2022-05-09 08:55:20'),(1122,62,'2022-05-09 08:55:42'),(1123,1,'2022-05-09 09:09:10'),(1124,191,'2022-05-09 09:12:20'),(1125,218,'2022-05-09 10:21:15'),(1126,212,'2022-05-09 10:21:53'),(1127,169,'2022-05-09 10:22:34'),(1128,217,'2022-05-09 10:26:14'),(1129,152,'2022-05-09 10:33:52'),(1130,135,'2022-05-09 11:06:36'),(1131,189,'2022-05-09 11:08:35'),(1132,1,'2022-05-09 11:17:54'),(1133,169,'2022-05-09 11:18:00'),(1134,115,'2022-05-09 11:22:05'),(1135,134,'2022-05-09 11:22:06'),(1136,134,'2022-05-09 11:22:06'),(1137,221,'2022-05-09 11:25:01'),(1138,198,'2022-05-09 11:25:54'),(1139,132,'2022-05-09 11:32:18'),(1140,108,'2022-05-09 11:34:15'),(1141,135,'2022-05-09 12:58:16'),(1142,224,'2022-05-09 12:58:37'),(1143,198,'2022-05-09 13:00:27'),(1144,198,'2022-05-09 13:00:27'),(1145,211,'2022-05-09 13:02:38'),(1146,214,'2022-05-09 13:03:41'),(1147,125,'2022-05-09 13:04:48'),(1148,214,'2022-05-09 13:05:10'),(1149,56,'2022-05-09 13:08:03'),(1150,223,'2022-05-09 13:12:52'),(1151,217,'2022-05-09 13:13:19'),(1152,212,'2022-05-09 13:13:37'),(1153,169,'2022-05-09 13:13:38'),(1154,177,'2022-05-09 13:15:54'),(1155,148,'2022-05-09 13:22:19'),(1156,203,'2022-05-09 13:23:54'),(1157,203,'2022-05-09 13:24:06'),(1158,46,'2022-05-09 13:25:14'),(1159,65,'2022-05-09 13:38:01'),(1160,189,'2022-05-09 13:49:38'),(1161,58,'2022-05-09 13:52:11'),(1162,148,'2022-05-09 14:02:31'),(1163,148,'2022-05-09 14:02:39'),(1164,204,'2022-05-09 14:04:35'),(1165,203,'2022-05-09 14:05:04'),(1166,224,'2022-05-09 14:33:55'),(1167,182,'2022-05-09 14:37:18'),(1168,155,'2022-05-09 14:40:41'),(1169,195,'2022-05-09 15:21:05'),(1170,206,'2022-05-09 15:21:12'),(1171,221,'2022-05-09 16:24:35'),(1172,212,'2022-05-09 16:25:39'),(1173,212,'2022-05-09 16:25:47'),(1174,169,'2022-05-09 16:26:48'),(1175,138,'2022-05-10 05:53:57'),(1176,131,'2022-05-10 05:54:25'),(1177,148,'2022-05-10 06:59:53'),(1178,46,'2022-05-10 07:11:38'),(1179,217,'2022-05-10 07:12:35'),(1180,195,'2022-05-10 07:14:16'),(1181,152,'2022-05-10 07:15:22'),(1182,138,'2022-05-10 07:18:25'),(1183,134,'2022-05-10 07:19:04'),(1184,125,'2022-05-10 07:19:18'),(1185,108,'2022-05-10 07:19:47'),(1186,190,'2022-05-10 07:20:03'),(1187,161,'2022-05-10 07:20:58'),(1188,43,'2022-05-10 07:21:22'),(1189,135,'2022-05-10 07:21:26'),(1190,155,'2022-05-10 07:22:45'),(1191,41,'2022-05-10 07:22:45'),(1192,169,'2022-05-10 07:22:49'),(1193,43,'2022-05-10 07:23:05'),(1194,193,'2022-05-10 07:23:12'),(1195,112,'2022-05-10 07:23:23'),(1196,212,'2022-05-10 07:23:41'),(1197,213,'2022-05-10 07:23:43'),(1198,189,'2022-05-10 07:26:37'),(1199,211,'2022-05-10 07:27:09'),(1200,58,'2022-05-10 08:02:50'),(1201,115,'2022-05-10 08:50:01'),(1202,65,'2022-05-10 08:50:37'),(1203,134,'2022-05-10 08:51:52'),(1204,212,'2022-05-10 09:13:57'),(1205,212,'2022-05-10 09:14:02'),(1206,204,'2022-05-10 09:50:40'),(1207,138,'2022-05-10 10:13:53'),(1208,41,'2022-05-10 10:36:01'),(1209,115,'2022-05-10 10:55:58'),(1210,108,'2022-05-10 10:57:36'),(1211,125,'2022-05-10 10:58:13'),(1212,135,'2022-05-10 10:58:15'),(1213,132,'2022-05-10 10:59:29'),(1214,145,'2022-05-10 11:00:57'),(1215,169,'2022-05-10 11:02:35'),(1216,169,'2022-05-10 11:02:35'),(1217,221,'2022-05-10 11:02:58'),(1218,198,'2022-05-10 11:03:41'),(1219,189,'2022-05-10 11:20:38'),(1220,152,'2022-05-10 11:40:42'),(1221,191,'2022-05-10 12:18:51'),(1222,224,'2022-05-10 12:48:52'),(1223,134,'2022-05-10 12:49:26'),(1224,115,'2022-05-10 12:53:21'),(1225,190,'2022-05-10 12:53:35'),(1226,135,'2022-05-10 12:57:48'),(1227,58,'2022-05-10 13:08:37'),(1228,58,'2022-05-10 13:08:43'),(1229,204,'2022-05-10 13:35:22'),(1230,203,'2022-05-10 13:36:38'),(1231,204,'2022-05-10 13:39:21'),(1232,203,'2022-05-10 13:39:56'),(1233,132,'2022-05-10 14:09:41'),(1234,166,'2022-05-10 14:18:13'),(1235,134,'2022-05-10 14:18:21'),(1236,222,'2022-05-10 14:18:54'),(1237,145,'2022-05-10 14:19:45'),(1238,217,'2022-05-10 14:20:00'),(1239,217,'2022-05-10 14:20:01'),(1240,169,'2022-05-10 14:28:12'),(1241,217,'2022-05-10 14:29:07'),(1242,43,'2022-05-10 14:39:21'),(1243,224,'2022-05-10 14:43:49'),(1244,209,'2022-05-10 15:02:29'),(1245,211,'2022-05-10 15:03:03'),(1246,227,'2022-05-10 15:03:41'),(1247,214,'2022-05-10 15:03:57'),(1248,169,'2022-05-10 15:10:05'),(1249,223,'2022-05-10 16:55:22'),(1250,131,'2022-05-11 05:51:14'),(1251,176,'2022-05-11 06:21:46'),(1252,56,'2022-05-11 06:33:04'),(1253,1,'2022-05-11 07:01:04'),(1254,189,'2022-05-11 07:01:15'),(1255,169,'2022-05-11 07:01:33'),(1256,212,'2022-05-11 07:02:05'),(1257,212,'2022-05-11 07:02:11'),(1258,61,'2022-05-11 07:02:39'),(1259,222,'2022-05-11 07:03:54'),(1260,206,'2022-05-11 07:07:45'),(1261,208,'2022-05-11 07:20:04'),(1262,161,'2022-05-11 07:21:05'),(1263,134,'2022-05-11 07:21:21'),(1264,132,'2022-05-11 08:54:39'),(1265,152,'2022-05-11 09:15:43'),(1266,204,'2022-05-11 10:20:18'),(1267,189,'2022-05-11 10:33:30'),(1268,135,'2022-05-11 11:06:09'),(1269,204,'2022-05-11 12:22:04'),(1270,224,'2022-05-11 12:57:58'),(1271,145,'2022-05-11 12:58:03'),(1272,132,'2022-05-11 13:01:58'),(1273,131,'2022-05-11 13:02:47'),(1274,134,'2022-05-11 13:02:58'),(1275,135,'2022-05-11 13:06:25'),(1276,155,'2022-05-11 13:07:37'),(1277,211,'2022-05-11 13:07:39'),(1278,152,'2022-05-11 13:08:05'),(1279,189,'2022-05-11 13:08:47'),(1280,169,'2022-05-11 13:08:57'),(1281,190,'2022-05-11 13:09:16'),(1282,62,'2022-05-11 13:10:23'),(1283,62,'2022-05-11 13:10:24'),(1284,62,'2022-05-11 13:10:25'),(1285,62,'2022-05-11 13:10:26'),(1286,62,'2022-05-11 13:10:26'),(1287,115,'2022-05-11 13:12:16'),(1288,62,'2022-05-11 13:12:27'),(1289,125,'2022-05-11 13:14:29'),(1290,46,'2022-05-11 13:14:46'),(1291,217,'2022-05-11 13:15:37'),(1292,189,'2022-05-11 13:18:36'),(1293,189,'2022-05-11 13:27:12'),(1294,131,'2022-05-11 14:39:30'),(1295,159,'2022-05-11 14:42:16'),(1296,108,'2022-05-11 14:43:14'),(1297,223,'2022-05-11 18:10:25'),(1298,211,'2022-05-12 07:16:08'),(1299,159,'2022-05-12 07:16:14'),(1300,222,'2022-05-12 07:16:41'),(1301,43,'2022-05-12 07:16:52'),(1302,217,'2022-05-12 07:16:55'),(1303,218,'2022-05-12 07:17:04'),(1304,155,'2022-05-12 07:17:41'),(1305,212,'2022-05-12 07:18:00'),(1306,169,'2022-05-12 07:18:07'),(1307,227,'2022-05-12 07:18:25'),(1308,209,'2022-05-12 07:19:13'),(1309,179,'2022-05-12 07:19:26'),(1310,214,'2022-05-12 07:19:55'),(1311,125,'2022-05-12 07:20:08'),(1312,206,'2022-05-12 07:21:52'),(1313,212,'2022-05-12 07:22:55'),(1314,53,'2022-05-12 07:23:17'),(1315,195,'2022-05-12 07:23:22'),(1316,169,'2022-05-12 07:24:03'),(1317,131,'2022-05-12 07:24:40'),(1318,145,'2022-05-12 07:24:57'),(1319,60,'2022-05-12 07:24:58'),(1320,135,'2022-05-12 07:25:15'),(1321,190,'2022-05-12 07:25:29'),(1322,108,'2022-05-12 07:25:32'),(1323,56,'2022-05-12 07:28:18'),(1324,112,'2022-05-12 07:29:50'),(1325,145,'2022-05-12 07:30:41'),(1326,189,'2022-05-12 08:00:46'),(1327,152,'2022-05-12 08:20:35'),(1328,125,'2022-05-12 08:51:22'),(1329,208,'2022-05-12 09:01:54'),(1330,62,'2022-05-12 09:10:02'),(1331,148,'2022-05-12 09:27:27'),(1332,61,'2022-05-12 09:33:44'),(1333,135,'2022-05-12 10:51:14'),(1334,1,'2022-05-12 11:00:07'),(1335,49,'2022-05-12 11:25:35'),(1336,115,'2022-05-12 11:28:13'),(1337,108,'2022-05-12 11:30:34'),(1338,138,'2022-05-12 11:33:56'),(1339,132,'2022-05-12 12:12:34'),(1340,132,'2022-05-12 12:55:15'),(1341,49,'2022-05-12 13:16:45'),(1342,204,'2022-05-12 13:59:29'),(1343,198,'2022-05-12 14:01:26'),(1344,182,'2022-05-12 14:28:29'),(1345,217,'2022-05-12 14:46:51'),(1346,159,'2022-05-12 14:47:12'),(1347,227,'2022-05-12 15:11:04'),(1348,208,'2022-05-13 07:19:42'),(1349,222,'2022-05-13 07:20:06'),(1350,212,'2022-05-13 07:20:34'),(1351,214,'2022-05-13 07:21:07'),(1352,212,'2022-05-13 07:21:18'),(1353,131,'2022-05-13 07:24:32'),(1354,125,'2022-05-13 07:26:34'),(1355,211,'2022-05-13 07:26:58'),(1356,65,'2022-05-13 07:29:04'),(1357,182,'2022-05-13 08:36:59'),(1358,224,'2022-05-13 08:53:10'),(1359,190,'2022-05-13 09:02:27'),(1360,224,'2022-05-13 11:19:31'),(1361,115,'2022-05-13 11:36:08'),(1362,203,'2022-05-13 12:17:10'),(1363,222,'2022-05-13 13:01:05'),(1364,224,'2022-05-13 13:16:16'),(1365,222,'2022-05-13 15:06:35'),(1366,159,'2022-05-13 15:07:54'),(1367,159,'2022-05-13 15:08:00'),(1368,203,'2022-05-13 17:24:13'),(1369,176,'2022-05-13 19:01:07'),(1370,1,'2022-05-14 09:44:14'),(1371,185,'2022-05-14 09:44:15'),(1372,203,'2022-05-14 16:15:06'),(1373,203,'2022-05-15 14:09:43'),(1374,176,'2022-05-16 06:19:36'),(1375,190,'2022-05-16 07:16:36'),(1376,125,'2022-05-16 07:18:08'),(1377,145,'2022-05-16 07:21:20'),(1378,152,'2022-05-16 07:25:46'),(1379,195,'2022-05-16 07:27:57'),(1380,193,'2022-05-16 08:46:13'),(1381,108,'2022-05-16 08:51:34'),(1382,231,'2022-05-16 09:48:15'),(1383,231,'2022-05-16 09:48:47'),(1384,62,'2022-05-16 11:08:56'),(1385,185,'2022-05-16 11:11:04'),(1386,224,'2022-05-16 11:31:42'),(1387,145,'2022-05-16 11:32:40'),(1388,152,'2022-05-16 11:42:32'),(1389,189,'2022-05-16 11:43:30'),(1390,176,'2022-05-16 12:06:04'),(1391,176,'2022-05-16 12:09:43'),(1392,208,'2022-05-16 13:03:23'),(1393,62,'2022-05-16 13:05:22'),(1394,152,'2022-05-16 13:11:41'),(1395,62,'2022-05-16 14:51:39'),(1396,203,'2022-05-16 14:51:57'),(1397,148,'2022-05-16 17:45:37'),(1398,203,'2022-05-16 19:36:59'),(1399,1,'2022-05-17 06:48:34'),(1400,179,'2022-05-17 07:02:50'),(1401,180,'2022-05-17 07:04:04'),(1402,108,'2022-05-17 07:09:21'),(1403,53,'2022-05-17 07:16:24'),(1404,138,'2022-05-17 07:17:09'),(1405,124,'2022-05-17 07:21:52'),(1406,138,'2022-05-17 07:26:49'),(1407,43,'2022-05-17 07:26:56'),(1408,148,'2022-05-17 07:30:21'),(1409,62,'2022-05-17 07:44:53'),(1410,189,'2022-05-17 07:47:35'),(1411,61,'2022-05-17 07:54:34'),(1412,152,'2022-05-17 09:02:01'),(1413,152,'2022-05-17 09:07:46'),(1414,193,'2022-05-17 09:12:10'),(1415,213,'2022-05-17 09:12:12'),(1416,195,'2022-05-17 09:14:28'),(1417,224,'2022-05-17 09:26:06'),(1418,224,'2022-05-17 09:29:45'),(1419,185,'2022-05-17 09:44:33'),(1420,185,'2022-05-17 11:07:23'),(1421,115,'2022-05-17 11:13:56'),(1422,60,'2022-05-17 11:14:54'),(1423,49,'2022-05-17 11:16:11'),(1424,145,'2022-05-17 11:19:01'),(1425,145,'2022-05-17 11:19:04'),(1426,224,'2022-05-17 11:40:41'),(1427,152,'2022-05-17 11:50:03'),(1428,41,'2022-05-17 12:22:38'),(1429,58,'2022-05-17 12:58:52'),(1430,190,'2022-05-17 13:04:23'),(1431,112,'2022-05-17 13:04:39'),(1432,203,'2022-05-17 13:53:26'),(1433,189,'2022-05-17 14:20:39'),(1434,176,'2022-05-17 14:59:24'),(1435,152,'2022-05-17 15:08:43'),(1436,49,'2022-05-17 16:11:04'),(1437,138,'2022-05-18 07:17:38'),(1438,53,'2022-05-18 07:19:42'),(1439,152,'2022-05-18 07:38:41'),(1440,49,'2022-05-18 07:40:36'),(1441,189,'2022-05-18 07:40:42'),(1442,109,'2022-05-18 07:40:52'),(1443,138,'2022-05-18 08:06:56'),(1444,49,'2022-05-18 09:04:15'),(1445,208,'2022-05-18 09:05:39'),(1446,62,'2022-05-18 09:08:17'),(1447,224,'2022-05-18 09:25:09'),(1448,152,'2022-05-18 09:33:31'),(1449,231,'2022-05-18 10:40:33'),(1450,206,'2022-05-18 11:02:40'),(1451,108,'2022-05-18 11:15:35'),(1452,145,'2022-05-18 11:25:09'),(1453,203,'2022-05-18 11:36:12'),(1454,203,'2022-05-18 12:58:19'),(1455,58,'2022-05-18 13:17:43'),(1456,189,'2022-05-18 13:59:39'),(1457,176,'2022-05-18 14:52:44'),(1458,182,'2022-05-18 14:54:26'),(1459,206,'2022-05-18 14:54:50'),(1460,185,'2022-05-18 17:41:42'),(1461,224,'2022-05-19 07:15:41'),(1462,206,'2022-05-19 07:18:57'),(1463,145,'2022-05-19 07:19:39'),(1464,125,'2022-05-19 07:20:17'),(1465,176,'2022-05-19 07:20:27'),(1466,43,'2022-05-19 07:20:28'),(1467,176,'2022-05-19 07:20:28'),(1468,53,'2022-05-19 07:20:56'),(1469,185,'2022-05-19 07:21:04'),(1470,112,'2022-05-19 07:21:05'),(1471,138,'2022-05-19 07:21:38'),(1472,138,'2022-05-19 07:21:52'),(1473,190,'2022-05-19 07:23:24'),(1474,138,'2022-05-19 07:26:35'),(1475,152,'2022-05-19 07:26:37'),(1476,108,'2022-05-19 07:26:46'),(1477,208,'2022-05-19 07:27:22'),(1478,196,'2022-05-19 07:30:48'),(1479,176,'2022-05-19 07:31:24'),(1480,189,'2022-05-19 07:43:08'),(1481,148,'2022-05-19 08:11:47'),(1482,1,'2022-05-19 08:12:09'),(1483,148,'2022-05-19 08:19:30'),(1484,189,'2022-05-19 08:24:07'),(1485,239,'2022-05-19 08:53:41'),(1486,62,'2022-05-19 09:30:02'),(1487,196,'2022-05-19 10:37:21'),(1488,43,'2022-05-19 10:58:27'),(1489,152,'2022-05-19 11:02:23'),(1490,145,'2022-05-19 11:15:06'),(1491,189,'2022-05-19 11:20:16'),(1492,125,'2022-05-19 11:25:12'),(1493,60,'2022-05-19 13:12:15'),(1494,239,'2022-05-19 14:56:17'),(1495,145,'2022-05-20 07:33:30'),(1496,224,'2022-05-20 08:48:53'),(1497,62,'2022-05-20 08:55:41'),(1498,62,'2022-05-20 09:07:35'),(1499,152,'2022-05-20 09:25:26'),(1500,148,'2022-05-20 09:29:43'),(1501,61,'2022-05-20 09:29:58'),(1502,193,'2022-05-20 09:45:53'),(1503,145,'2022-05-20 11:11:46'),(1504,185,'2022-05-20 11:12:14'),(1505,239,'2022-05-20 11:22:43'),(1506,53,'2022-05-20 12:12:31'),(1507,239,'2022-05-20 12:19:29'),(1508,189,'2022-05-20 13:05:28'),(1509,125,'2022-05-20 13:10:23'),(1510,108,'2022-05-20 13:10:31'),(1511,239,'2022-05-20 13:21:41'),(1512,203,'2022-05-20 13:31:30'),(1513,53,'2022-05-21 08:24:55'),(1514,145,'2022-05-21 14:00:19'),(1515,145,'2022-05-21 17:46:47'),(1516,176,'2022-05-21 17:48:23'),(1517,239,'2022-05-23 08:59:19'),(1518,239,'2022-05-23 08:59:22'),(1519,203,'2022-05-23 09:01:28'),(1520,206,'2022-05-23 09:06:39'),(1521,191,'2022-05-23 09:12:29'),(1522,182,'2022-05-23 09:15:18'),(1523,138,'2022-05-23 09:48:43'),(1524,224,'2022-05-23 10:46:41'),(1525,152,'2022-05-23 11:21:49'),(1526,176,'2022-05-23 11:25:15'),(1527,176,'2022-05-23 11:25:20'),(1528,190,'2022-05-23 11:42:04'),(1529,203,'2022-05-23 11:47:25'),(1530,108,'2022-05-23 11:53:49'),(1531,61,'2022-05-23 12:29:50'),(1532,189,'2022-05-23 13:08:19'),(1533,189,'2022-05-23 13:08:20'),(1534,1,'2022-05-23 13:25:55'),(1535,152,'2022-05-23 14:34:39'),(1536,239,'2022-05-23 14:54:28'),(1537,203,'2022-05-23 14:58:37'),(1538,224,'2022-05-23 14:59:35'),(1539,203,'2022-05-23 15:00:06'),(1540,139,'2022-05-23 15:04:17'),(1541,203,'2022-05-23 15:06:56'),(1542,224,'2022-05-24 07:20:17'),(1543,139,'2022-05-24 07:20:50'),(1544,145,'2022-05-24 07:21:57'),(1545,43,'2022-05-24 07:23:10'),(1546,108,'2022-05-24 07:25:20'),(1547,152,'2022-05-24 07:28:53'),(1548,58,'2022-05-24 07:34:03'),(1549,138,'2022-05-24 07:41:05'),(1550,138,'2022-05-24 07:41:11'),(1551,208,'2022-05-24 09:02:30'),(1552,180,'2022-05-24 09:04:58'),(1553,152,'2022-05-24 09:07:15'),(1554,125,'2022-05-24 09:07:20'),(1555,108,'2022-05-24 09:08:13'),(1556,62,'2022-05-24 09:13:27'),(1557,191,'2022-05-24 11:04:55'),(1558,145,'2022-05-24 11:09:11'),(1559,152,'2022-05-24 11:22:12'),(1560,176,'2022-05-24 13:04:18'),(1561,224,'2022-05-24 13:07:40'),(1562,152,'2022-05-24 13:09:06'),(1563,224,'2022-05-24 14:04:12'),(1564,239,'2022-05-24 14:39:55'),(1565,182,'2022-05-24 15:02:00'),(1566,189,'2022-05-24 15:06:09'),(1567,228,'2022-05-24 15:14:12'),(1568,224,'2022-05-24 17:07:55'),(1569,239,'2022-05-25 07:20:55'),(1570,138,'2022-05-25 07:25:39'),(1571,228,'2022-05-25 09:06:20'),(1572,228,'2022-05-25 09:24:33'),(1573,228,'2022-05-25 09:24:37'),(1574,115,'2022-05-25 09:24:39'),(1575,145,'2022-05-25 11:04:07'),(1576,53,'2022-05-25 11:06:04'),(1577,62,'2022-05-25 11:16:18'),(1578,108,'2022-05-25 13:09:11'),(1579,151,'2022-05-25 13:12:18'),(1580,151,'2022-05-25 13:13:12'),(1581,224,'2022-05-25 15:59:15'),(1582,53,'2022-05-27 09:47:54'),(1583,53,'2022-05-27 09:48:12'),(1584,228,'2022-05-30 07:17:01'),(1585,152,'2022-05-30 07:26:09'),(1586,189,'2022-05-30 08:14:53'),(1587,145,'2022-05-30 08:42:02'),(1588,239,'2022-05-30 08:50:09'),(1589,151,'2022-05-30 09:07:27'),(1590,176,'2022-05-30 09:43:42'),(1591,145,'2022-05-30 11:20:14'),(1592,152,'2022-05-30 11:32:45'),(1593,239,'2022-05-30 12:32:02'),(1594,224,'2022-05-30 13:12:51'),(1595,228,'2022-05-30 13:15:11'),(1596,228,'2022-05-30 14:35:33'),(1597,182,'2022-05-30 14:55:31'),(1598,151,'2022-05-30 14:55:42'),(1599,151,'2022-05-30 14:55:43'),(1600,189,'2022-05-30 15:11:56'),(1601,53,'2022-05-30 15:21:43'),(1602,152,'2022-05-31 07:30:57'),(1603,49,'2022-05-31 08:49:55'),(1604,228,'2022-05-31 09:03:09'),(1605,180,'2022-05-31 09:08:01'),(1606,179,'2022-05-31 09:08:18'),(1607,208,'2022-05-31 09:09:43'),(1608,228,'2022-05-31 09:10:55'),(1609,207,'2022-05-31 09:11:41'),(1610,195,'2022-05-31 09:16:24'),(1611,115,'2022-05-31 09:16:44'),(1612,199,'2022-05-31 09:19:24'),(1613,151,'2022-05-31 10:25:51'),(1614,151,'2022-05-31 10:31:27'),(1615,193,'2022-05-31 11:03:55'),(1616,189,'2022-05-31 11:50:07'),(1617,145,'2022-05-31 11:59:34'),(1618,176,'2022-05-31 12:03:12'),(1619,148,'2022-05-31 12:14:16'),(1620,176,'2022-05-31 12:14:24'),(1621,152,'2022-05-31 12:48:11'),(1622,189,'2022-05-31 12:51:10'),(1623,180,'2022-05-31 13:13:35'),(1624,144,'2022-05-31 13:24:49'),(1625,144,'2022-05-31 13:48:18'),(1626,224,'2022-05-31 15:20:43'),(1627,138,'2022-05-31 17:50:44'),(1628,206,'2022-06-01 07:29:51'),(1629,195,'2022-06-01 07:30:37'),(1630,208,'2022-06-01 09:02:21'),(1631,124,'2022-06-01 09:02:44'),(1632,62,'2022-06-01 09:03:55'),(1633,239,'2022-06-01 09:05:26'),(1634,193,'2022-06-01 09:11:19'),(1635,152,'2022-06-01 10:57:08'),(1636,1,'2022-06-01 11:08:02'),(1637,108,'2022-06-01 11:22:42'),(1638,49,'2022-06-01 11:24:06'),(1639,152,'2022-06-01 11:25:54'),(1640,145,'2022-06-01 11:33:18'),(1641,62,'2022-06-01 11:36:25'),(1642,189,'2022-06-01 11:49:17'),(1643,62,'2022-06-01 12:35:20'),(1644,206,'2022-06-01 13:06:56'),(1645,145,'2022-06-01 13:06:56'),(1646,189,'2022-06-01 13:07:48'),(1647,195,'2022-06-01 13:08:47'),(1648,196,'2022-06-01 13:10:58'),(1649,239,'2022-06-01 13:12:33'),(1650,151,'2022-06-01 13:23:54'),(1651,198,'2022-06-01 14:15:19'),(1652,189,'2022-06-01 15:02:25'),(1653,224,'2022-06-01 15:21:56'),(1654,224,'2022-06-01 16:28:30'),(1655,138,'2022-06-01 16:48:59'),(1656,208,'2022-06-02 07:23:53'),(1657,179,'2022-06-02 07:23:54'),(1658,228,'2022-06-02 07:26:39'),(1659,195,'2022-06-02 07:28:13'),(1660,152,'2022-06-02 07:30:42'),(1661,145,'2022-06-02 07:40:16'),(1662,138,'2022-06-02 07:46:24'),(1663,43,'2022-06-02 07:50:46'),(1664,122,'2022-06-02 08:04:14'),(1665,122,'2022-06-02 08:05:58'),(1666,185,'2022-06-02 08:11:36'),(1667,180,'2022-06-02 09:02:58'),(1668,208,'2022-06-02 09:03:01'),(1669,62,'2022-06-02 09:04:54'),(1670,115,'2022-06-02 09:12:01'),(1671,115,'2022-06-02 09:12:01'),(1672,115,'2022-06-02 09:12:02'),(1673,138,'2022-06-02 09:14:52'),(1674,182,'2022-06-02 09:22:51'),(1675,228,'2022-06-02 09:31:34'),(1676,203,'2022-06-02 11:06:16'),(1677,152,'2022-06-02 11:55:01'),(1678,145,'2022-06-02 13:13:28'),(1679,224,'2022-06-02 13:14:44'),(1680,176,'2022-06-02 13:18:35'),(1681,196,'2022-06-02 13:18:55'),(1682,206,'2022-06-02 14:50:56'),(1683,195,'2022-06-02 14:52:43'),(1684,53,'2022-06-02 15:23:29'),(1685,145,'2022-06-02 16:03:59'),(1686,145,'2022-06-02 16:07:33'),(1687,145,'2022-06-02 16:07:37'),(1688,196,'2022-06-02 17:57:52'),(1689,108,'2022-06-03 07:27:35'),(1690,195,'2022-06-03 07:28:32'),(1691,152,'2022-06-03 07:30:16'),(1692,125,'2022-06-03 08:41:37'),(1693,152,'2022-06-03 08:58:33'),(1694,189,'2022-06-03 08:59:51'),(1695,208,'2022-06-03 09:01:45'),(1696,199,'2022-06-03 09:02:31'),(1697,196,'2022-06-03 10:43:19'),(1698,189,'2022-06-03 11:01:50'),(1699,152,'2022-06-03 11:17:13'),(1700,176,'2022-06-03 11:25:37'),(1701,169,'2022-06-03 11:40:20'),(1702,185,'2022-06-03 11:46:25'),(1703,169,'2022-06-03 11:57:01'),(1704,62,'2022-06-03 13:04:22'),(1705,193,'2022-06-03 13:32:33'),(1706,43,'2022-06-03 13:36:23'),(1707,224,'2022-06-03 14:09:15'),(1708,212,'2022-06-03 14:09:58'),(1709,203,'2022-06-03 14:17:29'),(1710,208,'2022-06-03 14:46:31'),(1711,199,'2022-06-03 16:05:18'),(1712,224,'2022-06-03 16:06:50'),(1713,139,'2022-06-03 16:10:40'),(1714,62,'2022-06-03 20:40:06'),(1715,193,'2022-06-04 11:14:56'),(1716,145,'2022-06-04 12:08:03'),(1717,224,'2022-06-04 13:01:07'),(1718,224,'2022-06-04 14:40:39'),(1719,145,'2022-06-04 15:26:50'),(1720,176,'2022-06-04 18:50:17'),(1721,145,'2022-06-05 12:32:49'),(1722,185,'2022-06-05 13:12:22'),(1723,145,'2022-06-05 13:29:27'),(1724,224,'2022-06-05 13:37:12'),(1725,224,'2022-06-05 14:01:36'),(1726,224,'2022-06-05 14:42:02'),(1727,53,'2022-06-05 15:19:11'),(1728,176,'2022-06-05 19:16:27'),(1729,203,'2022-06-06 11:18:07'),(1730,108,'2022-06-06 11:54:58'),(1731,49,'2022-06-06 11:55:42'),(1732,224,'2022-06-06 12:27:36'),(1733,145,'2022-06-06 12:29:23'),(1734,145,'2022-06-06 12:38:47'),(1735,169,'2022-06-06 12:45:45'),(1736,185,'2022-06-06 13:53:28'),(1737,203,'2022-06-06 14:25:34'),(1738,169,'2022-06-06 14:25:54'),(1739,58,'2022-06-06 14:33:20'),(1740,176,'2022-06-06 16:53:47'),(1741,206,'2022-06-07 07:17:52'),(1742,212,'2022-06-07 07:18:52'),(1743,195,'2022-06-07 07:19:02'),(1744,212,'2022-06-07 07:19:43'),(1745,212,'2022-06-07 07:19:54'),(1746,212,'2022-06-07 07:19:55'),(1747,212,'2022-06-07 07:19:55'),(1748,212,'2022-06-07 07:19:56'),(1749,212,'2022-06-07 07:19:56'),(1750,211,'2022-06-07 07:21:18'),(1751,144,'2022-06-07 07:23:24'),(1752,212,'2022-06-07 07:31:13'),(1753,115,'2022-06-07 07:33:04'),(1754,152,'2022-06-07 07:34:30'),(1755,135,'2022-06-07 08:44:13'),(1756,228,'2022-06-07 08:55:11'),(1757,228,'2022-06-07 09:01:18'),(1758,43,'2022-06-07 09:06:05'),(1759,148,'2022-06-07 09:06:11'),(1760,220,'2022-06-07 09:13:49'),(1761,134,'2022-06-07 09:16:30'),(1762,62,'2022-06-07 09:19:28'),(1763,49,'2022-06-07 09:32:58'),(1764,189,'2022-06-07 10:42:13'),(1765,196,'2022-06-07 10:46:37'),(1766,196,'2022-06-07 10:46:55'),(1767,176,'2022-06-07 10:47:12'),(1768,196,'2022-06-07 10:47:49'),(1769,224,'2022-06-07 10:51:32'),(1770,138,'2022-06-07 10:54:08'),(1771,152,'2022-06-07 10:57:37'),(1772,145,'2022-06-07 11:16:15'),(1773,224,'2022-06-07 11:17:21'),(1774,211,'2022-06-07 11:22:43'),(1775,239,'2022-06-07 11:24:00'),(1776,239,'2022-06-07 11:24:04'),(1777,134,'2022-06-07 11:24:18'),(1778,180,'2022-06-07 11:27:36'),(1779,62,'2022-06-07 11:28:37'),(1780,185,'2022-06-07 11:33:29'),(1781,108,'2022-06-07 11:37:48'),(1782,169,'2022-06-07 11:40:41'),(1783,189,'2022-06-07 11:49:22'),(1784,53,'2022-06-07 12:41:17'),(1785,1,'2022-06-07 12:46:19'),(1786,203,'2022-06-07 12:50:02'),(1787,189,'2022-06-07 13:00:17'),(1788,132,'2022-06-07 13:04:01'),(1789,152,'2022-06-07 13:04:10'),(1790,206,'2022-06-07 13:04:54'),(1791,195,'2022-06-07 13:05:11'),(1792,185,'2022-06-07 13:08:58'),(1793,203,'2022-06-07 13:42:35'),(1794,182,'2022-06-07 14:32:34'),(1795,152,'2022-06-07 14:43:01'),(1796,169,'2022-06-07 14:45:52'),(1797,189,'2022-06-07 14:49:26'),(1798,138,'2022-06-07 14:55:45'),(1799,182,'2022-06-07 14:59:35'),(1800,182,'2022-06-07 14:59:38'),(1801,224,'2022-06-07 15:34:57'),(1802,203,'2022-06-07 15:41:02'),(1803,203,'2022-06-07 15:41:02'),(1804,203,'2022-06-07 15:46:02'),(1805,169,'2022-06-07 16:21:14'),(1806,1,'2022-06-07 16:24:37'),(1807,227,'2022-06-07 16:24:41'),(1808,161,'2022-06-07 16:47:03'),(1809,217,'2022-06-07 16:49:56'),(1810,212,'2022-06-07 16:50:14'),(1811,212,'2022-06-07 16:50:25'),(1812,212,'2022-06-07 16:57:39'),(1813,203,'2022-06-07 18:28:34'),(1814,138,'2022-06-07 19:02:44'),(1815,195,'2022-06-08 06:57:28'),(1816,206,'2022-06-08 06:57:46'),(1817,152,'2022-06-08 07:13:03'),(1818,145,'2022-06-08 07:23:11'),(1819,108,'2022-06-08 07:24:25'),(1820,132,'2022-06-08 07:25:05'),(1821,134,'2022-06-08 07:28:10'),(1822,239,'2022-06-08 08:17:59'),(1823,152,'2022-06-08 08:43:20'),(1824,125,'2022-06-08 09:03:11'),(1825,62,'2022-06-08 09:05:12'),(1826,212,'2022-06-08 09:09:58'),(1827,169,'2022-06-08 09:10:50'),(1828,46,'2022-06-08 10:49:37'),(1829,145,'2022-06-08 11:14:04'),(1830,189,'2022-06-08 11:14:56'),(1831,191,'2022-06-08 11:14:59'),(1832,151,'2022-06-08 11:23:06'),(1833,134,'2022-06-08 11:25:06'),(1834,155,'2022-06-08 11:25:51'),(1835,196,'2022-06-08 11:31:09'),(1836,209,'2022-06-08 13:05:08'),(1837,49,'2022-06-08 13:06:13'),(1838,217,'2022-06-08 13:39:34'),(1839,169,'2022-06-08 13:39:45'),(1840,212,'2022-06-08 13:42:36'),(1841,169,'2022-06-08 13:42:38'),(1842,214,'2022-06-08 14:35:12'),(1843,138,'2022-06-08 14:40:54'),(1844,239,'2022-06-08 14:56:47'),(1845,152,'2022-06-08 14:57:48'),(1846,155,'2022-06-08 15:09:45'),(1847,222,'2022-06-08 15:09:52'),(1848,159,'2022-06-08 15:09:56'),(1849,212,'2022-06-08 16:44:45'),(1850,217,'2022-06-08 16:45:12'),(1851,169,'2022-06-08 16:46:04'),(1852,125,'2022-06-09 07:12:09'),(1853,144,'2022-06-09 07:12:54'),(1854,208,'2022-06-09 07:17:31'),(1855,179,'2022-06-09 07:17:37'),(1856,159,'2022-06-09 07:17:51'),(1857,155,'2022-06-09 07:18:11'),(1858,227,'2022-06-09 07:18:30'),(1859,217,'2022-06-09 07:18:30'),(1860,155,'2022-06-09 07:18:31'),(1861,212,'2022-06-09 07:19:27'),(1862,169,'2022-06-09 07:19:41'),(1863,56,'2022-06-09 07:19:52'),(1864,222,'2022-06-09 07:20:28'),(1865,228,'2022-06-09 07:20:53'),(1866,211,'2022-06-09 07:21:34'),(1867,46,'2022-06-09 07:21:36'),(1868,62,'2022-06-09 07:21:55'),(1869,41,'2022-06-09 07:27:18'),(1870,169,'2022-06-09 07:27:50'),(1871,169,'2022-06-09 07:27:54'),(1872,134,'2022-06-09 07:29:37'),(1873,195,'2022-06-09 07:33:22'),(1874,199,'2022-06-09 07:33:58'),(1875,189,'2022-06-09 07:49:21'),(1876,189,'2022-06-09 07:49:55'),(1877,152,'2022-06-09 07:54:44'),(1878,224,'2022-06-09 08:06:22'),(1879,143,'2022-06-09 08:55:37'),(1880,135,'2022-06-09 08:55:48'),(1881,134,'2022-06-09 08:55:55'),(1882,132,'2022-06-09 08:56:13'),(1883,65,'2022-06-09 09:01:54'),(1884,115,'2022-06-09 09:03:08'),(1885,241,'2022-06-09 09:03:13'),(1886,169,'2022-06-09 09:09:15'),(1887,148,'2022-06-09 09:25:33'),(1888,148,'2022-06-09 09:33:58'),(1889,148,'2022-06-09 09:34:03'),(1890,152,'2022-06-09 09:40:26'),(1891,189,'2022-06-09 10:49:45'),(1892,222,'2022-06-09 10:51:11'),(1893,134,'2022-06-09 10:51:48'),(1894,161,'2022-06-09 11:01:41'),(1895,151,'2022-06-09 11:16:29'),(1896,224,'2022-06-09 11:25:04'),(1897,145,'2022-06-09 11:25:50'),(1898,152,'2022-06-09 11:32:03'),(1899,115,'2022-06-09 11:33:31'),(1900,49,'2022-06-09 11:37:52'),(1901,224,'2022-06-09 12:46:12'),(1902,53,'2022-06-09 12:58:53'),(1903,132,'2022-06-09 13:04:29'),(1904,134,'2022-06-09 13:05:47'),(1905,60,'2022-06-09 13:05:59'),(1906,143,'2022-06-09 13:06:33'),(1907,155,'2022-06-09 13:08:09'),(1908,139,'2022-06-09 13:09:42'),(1909,212,'2022-06-09 13:11:21'),(1910,169,'2022-06-09 13:12:22'),(1911,217,'2022-06-09 13:12:57'),(1912,217,'2022-06-09 13:13:01'),(1913,62,'2022-06-09 13:46:10'),(1914,135,'2022-06-09 14:28:45'),(1915,182,'2022-06-09 14:39:26'),(1916,239,'2022-06-09 14:39:27'),(1917,199,'2022-06-09 14:39:56'),(1918,151,'2022-06-09 14:40:56'),(1919,139,'2022-06-09 14:45:09'),(1920,145,'2022-06-09 14:45:55'),(1921,193,'2022-06-09 14:48:08'),(1922,222,'2022-06-09 14:49:29'),(1923,145,'2022-06-09 14:49:37'),(1924,145,'2022-06-09 14:49:42'),(1925,195,'2022-06-09 14:49:56'),(1926,195,'2022-06-09 14:49:59'),(1927,212,'2022-06-09 14:50:06'),(1928,159,'2022-06-09 14:50:33'),(1929,155,'2022-06-09 14:51:51'),(1930,228,'2022-06-09 14:57:39'),(1931,224,'2022-06-09 15:23:14'),(1932,185,'2022-06-09 15:40:40'),(1933,152,'2022-06-09 16:17:48'),(1934,161,'2022-06-09 16:19:46'),(1935,61,'2022-06-09 16:45:50'),(1936,185,'2022-06-09 18:59:50'),(1937,206,'2022-06-10 06:59:59'),(1938,195,'2022-06-10 07:00:18'),(1939,185,'2022-06-10 07:22:03'),(1940,185,'2022-06-10 07:22:07'),(1941,139,'2022-06-10 07:23:39'),(1942,214,'2022-06-10 07:24:28'),(1943,212,'2022-06-10 07:24:38'),(1944,169,'2022-06-10 07:25:40'),(1945,222,'2022-06-10 07:25:47'),(1946,217,'2022-06-10 07:26:52'),(1947,152,'2022-06-10 07:28:35'),(1948,132,'2022-06-10 08:40:24'),(1949,220,'2022-06-10 08:48:33'),(1950,208,'2022-06-10 09:01:50'),(1951,145,'2022-06-10 10:56:31'),(1952,135,'2022-06-10 10:56:31'),(1953,134,'2022-06-10 10:58:20'),(1954,241,'2022-06-10 10:58:22'),(1955,115,'2022-06-10 11:03:44'),(1956,224,'2022-06-10 11:20:08'),(1957,62,'2022-06-10 11:27:50'),(1958,169,'2022-06-10 12:42:13'),(1959,239,'2022-06-10 12:43:57'),(1960,217,'2022-06-10 13:03:35'),(1961,222,'2022-06-10 13:05:04'),(1962,155,'2022-06-10 13:05:04'),(1963,159,'2022-06-10 13:05:20'),(1964,209,'2022-06-10 13:05:49'),(1965,152,'2022-06-10 13:53:18'),(1966,135,'2022-06-10 14:37:35'),(1967,134,'2022-06-10 14:37:47'),(1968,161,'2022-06-10 14:39:40'),(1969,214,'2022-06-10 14:41:12'),(1970,227,'2022-06-10 14:41:13'),(1971,212,'2022-06-10 14:45:25'),(1972,217,'2022-06-10 14:45:25'),(1973,169,'2022-06-10 14:45:30'),(1974,212,'2022-06-10 14:45:34'),(1975,155,'2022-06-10 14:45:37'),(1976,222,'2022-06-10 14:45:47'),(1977,122,'2022-06-10 15:39:02'),(1978,185,'2022-06-10 16:08:04'),(1979,185,'2022-06-10 19:04:18'),(1980,145,'2022-06-11 11:25:58'),(1981,148,'2022-06-11 18:40:54'),(1982,145,'2022-06-12 12:20:42'),(1983,224,'2022-06-12 15:22:31'),(1984,145,'2022-06-12 19:59:11'),(1985,224,'2022-06-13 05:54:13'),(1986,217,'2022-06-13 07:07:49'),(1987,195,'2022-06-13 07:08:46'),(1988,224,'2022-06-13 07:24:38'),(1989,161,'2022-06-13 07:27:50'),(1990,161,'2022-06-13 07:27:51'),(1991,161,'2022-06-13 07:27:52'),(1992,161,'2022-06-13 07:27:53'),(1993,152,'2022-06-13 07:30:15'),(1994,138,'2022-06-13 07:31:26'),(1995,122,'2022-06-13 07:37:52'),(1996,122,'2022-06-13 07:37:53'),(1997,189,'2022-06-13 08:58:57'),(1998,148,'2022-06-13 09:02:14'),(1999,206,'2022-06-13 10:33:17'),(2000,151,'2022-06-13 10:35:48'),(2001,145,'2022-06-13 10:42:02'),(2002,241,'2022-06-13 10:45:10'),(2003,169,'2022-06-13 10:48:56'),(2004,198,'2022-06-13 10:57:03'),(2005,189,'2022-06-13 11:14:35'),(2006,224,'2022-06-13 11:15:24'),(2007,134,'2022-06-13 11:26:25'),(2008,132,'2022-06-13 11:27:01'),(2009,1,'2022-06-13 11:27:52'),(2010,191,'2022-06-13 11:28:55'),(2011,203,'2022-06-13 12:25:21'),(2012,206,'2022-06-13 13:01:58'),(2013,224,'2022-06-13 13:05:06'),(2014,189,'2022-06-13 13:24:53'),(2015,224,'2022-06-13 14:03:41'),(2016,185,'2022-06-13 14:07:36'),(2017,53,'2022-06-13 14:16:38'),(2018,189,'2022-06-13 14:16:42'),(2019,222,'2022-06-13 14:21:22'),(2020,152,'2022-06-13 14:23:28'),(2021,212,'2022-06-13 14:23:56'),(2022,217,'2022-06-13 14:24:30'),(2023,159,'2022-06-13 14:41:12'),(2024,195,'2022-06-13 14:45:36'),(2025,58,'2022-06-13 14:48:14'),(2026,145,'2022-06-13 14:55:09'),(2027,185,'2022-06-13 14:59:46'),(2028,135,'2022-06-13 16:25:01'),(2029,151,'2022-06-13 17:12:40'),(2030,49,'2022-06-13 18:25:27'),(2031,224,'2022-06-14 05:55:34'),(2032,203,'2022-06-14 06:27:49'),(2033,198,'2022-06-14 06:31:21'),(2034,152,'2022-06-14 07:10:16'),(2035,195,'2022-06-14 07:10:41'),(2036,49,'2022-06-14 07:12:32'),(2037,49,'2022-06-14 07:13:02'),(2038,49,'2022-06-14 07:13:17'),(2039,217,'2022-06-14 07:13:46'),(2040,46,'2022-06-14 07:14:42'),(2041,185,'2022-06-14 07:16:46'),(2042,211,'2022-06-14 07:17:05'),(2043,195,'2022-06-14 07:17:05'),(2044,195,'2022-06-14 07:17:11'),(2045,159,'2022-06-14 07:17:12'),(2046,222,'2022-06-14 07:17:37'),(2047,220,'2022-06-14 07:20:29'),(2048,224,'2022-06-14 07:20:35'),(2049,138,'2022-06-14 07:21:36'),(2050,135,'2022-06-14 07:21:38'),(2051,161,'2022-06-14 07:22:00'),(2052,135,'2022-06-14 07:22:22'),(2053,145,'2022-06-14 07:23:11'),(2054,224,'2022-06-14 07:27:40'),(2055,132,'2022-06-14 07:31:43'),(2056,62,'2022-06-14 08:05:35'),(2057,58,'2022-06-14 08:22:28'),(2058,193,'2022-06-14 08:24:30'),(2059,181,'2022-06-14 08:33:14'),(2060,181,'2022-06-14 08:33:39'),(2061,65,'2022-06-14 09:34:24'),(2062,212,'2022-06-14 09:52:25'),(2063,152,'2022-06-14 10:40:55'),(2064,152,'2022-06-14 10:43:28'),(2065,134,'2022-06-14 11:23:35'),(2066,181,'2022-06-14 11:39:13'),(2067,151,'2022-06-14 11:52:30'),(2068,195,'2022-06-14 12:27:19'),(2069,206,'2022-06-14 12:27:36'),(2070,134,'2022-06-14 12:27:49'),(2071,189,'2022-06-14 12:31:39'),(2072,132,'2022-06-14 12:40:09'),(2073,166,'2022-06-14 13:12:25'),(2074,203,'2022-06-14 13:19:09'),(2075,223,'2022-06-14 13:20:38'),(2076,208,'2022-06-14 15:00:31'),(2077,161,'2022-06-14 16:12:16'),(2078,135,'2022-06-14 16:13:32'),(2079,212,'2022-06-14 16:32:40'),(2080,217,'2022-06-14 16:34:01'),(2081,169,'2022-06-15 06:49:37'),(2082,195,'2022-06-15 07:20:08'),(2083,134,'2022-06-15 07:23:11'),(2084,161,'2022-06-15 07:25:46'),(2085,152,'2022-06-15 07:36:41'),(2086,185,'2022-06-15 09:02:18'),(2087,198,'2022-06-15 09:45:01'),(2088,124,'2022-06-15 10:34:16'),(2089,1,'2022-06-15 10:35:01'),(2090,46,'2022-06-15 10:54:43'),(2091,206,'2022-06-15 11:08:34'),(2092,195,'2022-06-15 11:10:20'),(2093,145,'2022-06-15 11:13:36'),(2094,176,'2022-06-15 11:25:41'),(2095,134,'2022-06-15 11:27:39'),(2096,155,'2022-06-15 11:27:44'),(2097,132,'2022-06-15 11:29:27'),(2098,189,'2022-06-15 11:38:01'),(2099,211,'2022-06-15 11:41:58'),(2100,62,'2022-06-15 12:38:35'),(2101,134,'2022-06-15 13:03:23'),(2102,222,'2022-06-15 13:09:18'),(2103,159,'2022-06-15 13:09:46'),(2104,217,'2022-06-15 13:09:55'),(2105,189,'2022-06-15 13:12:01'),(2106,145,'2022-06-15 13:12:16'),(2107,209,'2022-06-15 13:14:36'),(2108,224,'2022-06-15 13:38:03'),(2109,193,'2022-06-15 13:53:14'),(2110,220,'2022-06-15 14:26:05'),(2111,152,'2022-06-15 14:53:12'),(2112,195,'2022-06-15 14:53:16'),(2113,159,'2022-06-15 14:58:27'),(2114,217,'2022-06-15 15:01:13'),(2115,222,'2022-06-15 15:01:16'),(2116,212,'2022-06-15 15:01:40'),(2117,212,'2022-06-15 15:01:41'),(2118,189,'2022-06-15 15:04:16'),(2119,169,'2022-06-15 15:04:57'),(2120,195,'2022-06-15 15:06:09'),(2121,181,'2022-06-15 15:06:42'),(2122,145,'2022-06-15 15:07:27'),(2123,224,'2022-06-15 15:30:43'),(2124,224,'2022-06-15 17:09:06'),(2125,182,'2022-06-15 17:12:37'),(2126,176,'2022-06-15 17:21:40'),(2127,176,'2022-06-15 17:21:46'),(2128,189,'2022-06-15 18:19:40'),(2129,224,'2022-06-15 18:22:44'),(2130,152,'2022-06-16 06:25:55'),(2131,132,'2022-06-16 06:45:19'),(2132,152,'2022-06-16 07:08:13'),(2133,189,'2022-06-16 07:10:55'),(2134,181,'2022-06-16 07:11:29'),(2135,193,'2022-06-16 07:12:11'),(2136,41,'2022-06-16 07:13:14'),(2137,159,'2022-06-16 07:20:44'),(2138,211,'2022-06-16 07:21:21'),(2139,217,'2022-06-16 07:21:25'),(2140,212,'2022-06-16 07:22:01'),(2141,169,'2022-06-16 07:31:36'),(2142,46,'2022-06-16 07:31:45'),(2143,224,'2022-06-16 07:56:53'),(2144,220,'2022-06-16 08:05:58'),(2145,199,'2022-06-16 08:05:59'),(2146,182,'2022-06-16 08:12:52'),(2147,122,'2022-06-16 08:13:23'),(2148,135,'2022-06-16 08:31:16'),(2149,189,'2022-06-16 08:33:20'),(2150,176,'2022-06-16 09:08:27'),(2151,196,'2022-06-16 09:08:41'),(2152,228,'2022-06-16 09:09:12'),(2153,134,'2022-06-16 10:49:37'),(2154,181,'2022-06-16 10:59:26'),(2155,195,'2022-06-16 11:00:42'),(2156,145,'2022-06-16 11:01:46'),(2157,206,'2022-06-16 11:14:25'),(2158,169,'2022-06-16 11:40:42'),(2159,152,'2022-06-16 11:42:15'),(2160,189,'2022-06-16 11:44:15'),(2161,49,'2022-06-16 11:56:39'),(2162,227,'2022-06-16 12:12:26'),(2163,135,'2022-06-16 12:38:43'),(2164,161,'2022-06-16 12:39:53'),(2165,209,'2022-06-16 12:56:53'),(2166,134,'2022-06-16 13:28:12'),(2167,224,'2022-06-16 13:49:51'),(2168,135,'2022-06-16 14:06:33'),(2169,207,'2022-06-16 14:15:19'),(2170,195,'2022-06-16 14:17:15'),(2171,189,'2022-06-16 14:19:14'),(2172,132,'2022-06-16 14:20:10'),(2173,220,'2022-06-16 15:08:50'),(2174,241,'2022-06-16 15:42:44'),(2175,135,'2022-06-16 15:52:57'),(2176,224,'2022-06-16 15:56:33'),(2177,65,'2022-06-16 16:29:11'),(2178,224,'2022-06-16 19:31:14'),(2179,224,'2022-06-16 20:38:24'),(2180,152,'2022-06-17 05:57:12'),(2181,169,'2022-06-17 05:58:01'),(2182,61,'2022-06-17 06:02:48'),(2183,195,'2022-06-17 07:12:43'),(2184,217,'2022-06-17 07:14:43'),(2185,209,'2022-06-17 07:16:09'),(2186,212,'2022-06-17 07:21:26'),(2187,189,'2022-06-17 07:21:32'),(2188,148,'2022-06-17 07:25:25'),(2189,195,'2022-06-17 07:27:07'),(2190,195,'2022-06-17 07:27:10'),(2191,169,'2022-06-17 07:29:13'),(2192,135,'2022-06-17 07:32:58'),(2193,208,'2022-06-17 08:17:23'),(2194,228,'2022-06-17 08:19:40'),(2195,222,'2022-06-17 08:56:02'),(2196,206,'2022-06-17 11:02:18'),(2197,152,'2022-06-17 11:07:40'),(2198,138,'2022-06-17 11:40:44'),(2199,195,'2022-06-17 12:05:33'),(2200,222,'2022-06-17 12:38:14'),(2201,217,'2022-06-17 12:38:53'),(2202,217,'2022-06-17 12:38:54'),(2203,159,'2022-06-17 12:38:56'),(2204,217,'2022-06-17 12:38:57'),(2205,217,'2022-06-17 12:39:00'),(2206,217,'2022-06-17 12:39:01'),(2207,217,'2022-06-17 12:39:02'),(2208,220,'2022-06-17 13:25:16'),(2209,224,'2022-06-17 13:33:28'),(2210,182,'2022-06-17 13:39:16'),(2211,56,'2022-06-17 14:23:28'),(2212,56,'2022-06-17 14:30:52'),(2213,228,'2022-06-17 14:41:04'),(2214,135,'2022-06-17 14:48:51'),(2215,176,'2022-06-17 14:54:40'),(2216,182,'2022-06-17 15:09:13');
/*!40000 ALTER TABLE `orders` ENABLE KEYS */;
UNLOCK TABLES;

--
-- Table structure for table `products`
--

DROP TABLE IF EXISTS `products`;
/*!40101 SET @saved_cs_client     = @@character_set_client */;
/*!50503 SET character_set_client = utf8mb4 */;
CREATE TABLE `products` (
  `id` int NOT NULL AUTO_INCREMENT,
  `name` varchar(255) NOT NULL,
  `price` decimal(10,2) NOT NULL DEFAULT '0.00',
  `bdlc_price` decimal(10,2) NOT NULL DEFAULT '0.00',
  `category` tinyint NOT NULL COMMENT '[0 = boisson chaude | 1 = boisson froide | 2 = snack]',
  `image` varchar(255) NOT NULL DEFAULT 'undefined.jpg',
  PRIMARY KEY (`id`)
) ENGINE=MyISAM AUTO_INCREMENT=81 DEFAULT CHARSET=utf8mb3;
/*!40101 SET character_set_client = @saved_cs_client */;

--
-- Dumping data for table `products`
--

LOCK TABLES `products` WRITE;
/*!40000 ALTER TABLE `products` DISABLE KEYS */;
INSERT INTO `products` VALUES (47,'Café',0.40,0.40,0,'Café.jpg'),(19,'Sodas',0.60,0.60,1,'Sodas.jpg'),(8,'Thé',0.40,0.40,0,'Thé.jpg'),(16,'Grand Café',0.50,0.50,0,'Grand Café.jpg'),(17,'Cacolac',0.60,0.60,1,'Cacolac.jpg'),(18,'Jus de Fruits',0.50,0.50,1,'Jus de Fruits.jpg'),(20,'Viennoiserie',0.80,0.80,2,'Viennoiserie.jpg'),(21,'Maxi Viennoiserie',1.20,1.20,2,'Maxi Viennoiserie.jpg'),(22,'Cookies',1.00,1.00,2,'Cookies.jpg'),(24,'Pépito',1.00,1.00,2,'Pépito.jpg'),(25,'Sablés Bio',1.00,1.00,2,'Sablés Bio.jpg'),(80,'Thé + Viennoiserie',1.20,1.20,3,'Thé + Viennoiserie.svg'),(27,'Galette de Riz Choco',1.80,1.80,2,'Galette de Riz Choco.jpg'),(28,'Barres Céréales',0.30,0.30,2,'Barres Céréales.png'),(29,'Nouilles Instantannées',1.00,1.00,2,'Nouilles Instantannées.jpg'),(30,'Repas Bio',2.80,2.80,2,'Repas Bio.jpg'),(31,'Chips',0.30,0.30,2,'Chips.jpg'),(32,'Kit-Kat',0.60,0.60,2,'Kit-Kat.jpg'),(33,'Mars',0.60,0.60,2,'Mars.jpeg'),(34,'Lion',0.60,0.60,2,'Lion.jpg'),(35,'Twix',0.60,0.60,2,'Twix.png'),(36,'Kinder Bueno',0.70,0.70,2,'Kinder Bueno.jpg'),(37,'Kinder Country',0.30,0.30,2,'Kinder Country.jpg'),(38,'Kinder Maxi',0.30,0.30,2,'Kinder Maxi.jpg'),(39,'Gaufre',0.30,0.30,2,'Gaufre.jpg'),(79,'Café + Viennoiserie',1.20,1.20,3,'Café - Viennoiserie.svg'),(76,'Repas',2.50,2.50,2,'Repas.jpg'),(75,'Café Vanille',0.50,0.50,0,'Café Vanille.jpg'),(77,'Chocolat Chaud',0.50,0.50,0,'Chocolat Chaud.svg'),(78,'Compotes',0.40,0.40,2,'Compotes.jpg');
/*!40000 ALTER TABLE `products` ENABLE KEYS */;
UNLOCK TABLES;

--
-- Table structure for table `users`
--

DROP TABLE IF EXISTS `users`;
/*!40101 SET @saved_cs_client     = @@character_set_client */;
/*!50503 SET character_set_client = utf8mb4 */;
CREATE TABLE `users` (
  `id` int NOT NULL AUTO_INCREMENT,
  `student_number` mediumint NOT NULL,
  `password` varchar(255) NOT NULL DEFAULT '',
  `username` varchar(255) NOT NULL,
  `bdlc_member` tinyint(1) NOT NULL DEFAULT '0' COMMENT 'Boolean',
  `auth_level` tinyint NOT NULL DEFAULT '0' COMMENT '[0 = basic user | 1 = barista | 2 = admin]',
  `credit` decimal(10,2) NOT NULL DEFAULT '0.00',
  `activated` tinyint(1) NOT NULL DEFAULT '0' COMMENT 'Boolean',
  PRIMARY KEY (`id`)
) ENGINE=MyISAM AUTO_INCREMENT=242 DEFAULT CHARSET=utf8mb3;
/*!40101 SET character_set_client = @saved_cs_client */;

--
-- Dumping data for table `users`
--

LOCK TABLES `users` WRITE;
/*!40000 ALTER TABLE `users` DISABLE KEYS */;
INSERT INTO `users` VALUES (1,182355,'$2y$10$GVvRvs4U6fUq3PdtPECuiOT/RO8RutdH.709LNPB49WLOK.bll3wi','Tom de Pasquale',1,2,0.30,1),(41,202907,'$2y$10$PKgG3zLIHrmfyjcjcf90S.noRgAkhTxjKCPPMfOHWpQJBGQND7uKa','Louise Goutagny',1,1,3.20,1),(44,173467,'$2y$10$i9mqiBs/7idiRIP.Pf/ofeDkeS9WzNrc9cCuDdU5o7RlvYu6eQOlO','Maël Penicaud',1,2,1.40,1),(43,203085,'$2y$10$/ZqJjS8l4S9Hhh79eRv97u.yxXgZZ.e/Tjo58V7N3lPRy0gSJMe/6','Aksel Vaillant',1,2,0.60,1),(45,173039,'$2y$10$BkddLmeTxau2Vl3rT.jgdu51nThDgBbTiSldyidYKKRgTEJ4/QHxG','Anna Peyrou',1,1,0.30,1),(46,215482,'$2y$10$7/gcswaegdU8xJuE4JM0c.aUiyxnS224pkTs1rCJ6WlbNvwLizr6K','Mathilde Lhomme',1,1,0.00,1),(47,205316,'$2y$10$r1epsMgPQ81foXcHlSyW/u26kaWtoNV9yv57ZqY28g3L.TjTOXQsC','Juliette Le Meudec',1,1,0.00,1),(48,184889,'$2y$10$Zeor5kmpGFJEbiDh29jf7eZXS54qM7yWvLDXo8QoZ6CtJ.kkoHlPW','Lucien Guerbigny',1,1,0.40,1),(49,182109,'$2y$10$iIFhHebTgv9fZmLxMqRyD.jfn.C3ZCJxFAkU9sEmXKcGywtQkM8Y.','Thibault Furic',1,1,0.80,1),(50,172882,'$2y$10$QIdSvaIIceEbfROAuwhDvuSGxYjjbOqh8viAyJmiTZxkB5yIUopPe','Jules Voyer',1,1,0.40,1),(51,184894,'$2y$10$gHRaD1Bae4416TQuY08t..XXV9.iLW0244j63yw2paZtT4vXSHPwO','Numa Galipot',1,1,5.30,1),(52,171240,'$2y$10$ySXc7IQIbN7U2B1Ain3xuuQce1T6WRTPEDpFSvv9hAa18.FoRl5I2','Loic Girardot',1,1,2.40,1),(53,192508,'$2y$10$T.9CHPQLhA7BuTlKrEsvZOHZw4qbaJ5Zd/aDXhpHAYbHHUJDaSks.','Nicolas Desestres',1,1,0.90,1),(54,165943,'yztyuF','Camilia Fachat',1,1,2.10,0),(55,203959,'$2y$10$tIUd6.TjLz0exJpWoAKU/Omq7/aJ6ni9H1UY./XuSx3v8jxMCLDx.','Titouan Mouton',1,1,5.00,1),(56,182495,'$2y$10$XRIKWIlotyueSqhW9ce1vOIB2AvJ0xX3pU2JJRfST1VStXEDWXbuy','Lise Rouy',1,1,1.90,1),(58,193803,'$2y$10$Y4DK5QUtSnWfx2YmHX0UsuHMGYyos37KTORMJbow3RNF4/0zNzOza','Coline Renaud',1,2,5.80,1),(59,171126,'joMf*c','Raphael Jeanvoine',1,1,1.70,0),(60,191182,'$2y$10$eisMlJXsoykd928.YFnrQuge8gqfH3KVtld3./eenmuQ7JD5VJwYm','Thomas Serafino',1,1,0.10,1),(61,2105474,'$2y$10$jDIf.2R/N9qGiToSOABquO7ALxYkFxhiA8jtt/ijiTJxjk2CMCMVK','Mathilde Golly',1,2,0.00,1),(62,214601,'$2y$10$Jpth3tNZMdBIb6bVRLtZ.O60LkeadPvber/KYZVrSsmAF4qXL3Ft2','Alexandre Desbourdelles ',1,2,4.30,1),(63,212011,'LT!qyAulWB','Julien Issert',1,1,0.00,0),(64,2103468,'$2y$10$8d29gTfiNrlF5Lh1JlHNJ.77c1EgJfCrw4RZJp9omXApaLJELVrm6','Valentin Giorgetti',1,2,0,1),(65,205428,'$2y$10$z37Nfy2dxFrjRFp9ft2Zx.H.J3CgA03SstiKYkIeAvnWxbU5xsm0S','Clément Larcade',1,1,10.00,1),(67,150413,'','A.Couineaux',1,0,0.10,0),(68,171826,'','Pierre Gilbert',1,0,0.00,0),(69,171495,'','Juliette Bonnet',1,0,0.70,0),(70,171857,'','L.Lusseau',1,0,0.90,0),(71,171354,'','Ellen Chassagne',1,0,0.60,0),(72,174947,'','Pablo Martin',1,0,6.90,0),(73,173816,'','Louis Cortade',1,0,2.00,0),(76,174986,'','A.Gril',1,0,1.60,0),(77,175715,'','N.Bigorne',1,0,33.20,0),(79,161516,'','Lise Rouy',1,0,5.90,0),(80,171166,'','Théo Wojtas',1,0,0.00,0),(82,140349,'','Nicolas Marie',1,0,0.10,0),(83,164142,'','C.Bocquet',1,0,2.60,0),(84,171905,'','N.Constant',1,0,14.50,0),(85,160105,'','A.Chelius',1,0,0.40,0),(86,161533,'','Florian Lequeux',1,0,0.00,0),(87,161766,'','Malo Lavoue',1,0,0.00,0),(88,1,'$2y$10$2/PtByuRc6wgLwaFpL0e8O9JyBvlztXrxVchT3XUp5ahqh/Ljdc0y','J. Genevaux',1,0,2.30,1),(89,160200,'','M.Ferreira',1,0,0.00,0),(90,184684,'','A.Chamayou',1,0,0.40,0),(91,194716,'','Bryan Guillot',1,0,0.20,0),(92,194692,'','D.Maury Feyt',1,0,3.20,0),(93,194521,'','Kevin Labbe',1,0,0.10,0),(94,195496,'','T.Gougeon',1,0,5.50,0),(95,152210,'','Théo Mariotte',1,0,0.00,0),(96,194526,'','M.Le Cacheux',1,0,3.10,0),(97,184260,'','B.Garin',1,0,6.00,0),(99,194607,'','F.Grimaldi',1,0,0.00,0),(100,195034,'','J.Marc',1,0,0.70,0),(101,194282,'','N.Labbé',1,0,0.00,0),(102,162724,'','G.Navion',1,0,0.30,0),(104,184691,'','T.Langlet',1,0,0.30,0),(105,194776,'','Z.Kabbab',1,0,0.30,0),(106,181604,'','Gireg Panelay',1,0,0.10,0),(107,181460,'','Baptiste Boulanger',1,0,2.00,0),(108,180461,'$2y$10$TfjbTxtyBUsZTSvc8dUtqeZxNBEyvq88K7MvZS6Yt5ovkbUVcTfI2','Pierre Leblanc',1,0,0.30,1),(109,172709,'$2y$10$4JXZ5wr9w3fT4oPO4TCwE..hOZHoZKf.RO.DsutXsjTw2wDN/tMU.','Elio Chapotot',1,1,0.20,1),(110,202587,'','E.Sldk',1,0,0.00,0),(111,201142,'','S.Gervot',1,0,0.80,0),(112,206057,'$2y$10$w5aKOXSeIVqZKphg1jZU.Om6w55Yp6f77ZG.vFqf8rTUmVk5EMl/W','Florian Marie',1,0,0.20,1),(114,205276,'','Adrien Danis',1,0,1.80,0),(115,205280,'$2y$10$8iecs/ja8glb9hGvIVcgG.XKEDklUdTJyRlxLkAC66cSHfpjIoMoK','Maxence De Keukelaere',1,0,0.10,1),(116,205196,'','Tom Desgranges',1,0,0.00,0),(119,160296,'','Pierre Grojo',1,0,0.80,0),(122,205357,'$2y$10$Lhg.Bhs8BHsmjiKEjlriuu9dpY6j/DNypi1lnqyE8VGHHQ.9iMS2i','Andréas Autin',1,0,0.40,1),(123,206015,'','Vanig Hagopian',1,0,0.60,0),(124,205371,'$2y$10$rzkUXzc2RncthbB5HZZ4ruf4AdAUDV5UKB.ZjPD.QW2S2fTtTCkHK','Nicolas Boisseau',1,0,1.60,1),(125,182237,'$2y$10$bK/jZ6CgoJQRGvCq9UUH7u/DuXW.16WvRa9aMX15nTAPLjlk5yIfu','Maël Roux',1,0,0.20,1),(127,205266,'$2y$10$eMjDl4XzOTpzuRWHivCBF.PFQNtFtfr2r4bERltIcBKiB212QoYwm','Clément Le Batard',1,0,0.10,1),(128,183772,'$2y$10$ZW/l1KMWWJ91hLvwqXwXm.Tt165rZVOSNb3ZxX.40uTVOf6X9IdXq','Mattéo Djerbi',1,0,0.00,1),(174,2,'$2y$10$2/PtByuRc6wgLwaFpL0e8O9JyBvlztXrxVchT3XUp5ahqh/Ljdc0y','Debug',1,0,1151.50,1),(130,181973,'','Oussama Bouazza',1,0,0.00,0),(131,205405,'$2y$10$hOLxut9Yk99QknNfu3EpK.PYe/Hvak8qBoID2cABvM8hPgbKR356C','Juliette Kessler',1,0,0.40,1),(132,205756,'$2y$10$mtuJaz1hFJB512aJHF5fTeCOaJgOQig.f/KcWrQcEaBpqnaTa8wya','Melvyn Metay',1,0,0.00,1),(133,182788,'','Hugo Lebreton',1,0,0.00,0),(134,205635,'$2y$10$csoOxlZvlSrpQpBvAmf9GurSXR8VSnv24YdDKEr0V6U/I8oFXcL3e','Mathieu Edon',1,0,0.30,1),(135,180693,'$2y$10$WEVdDSIzWHMKq3r2J6yXO.vecB6jBA0R4UZBcm9wA.0oD8dScCAri','Théophile Sauvé',1,0,1.40,1),(136,180199,'','Pierre Kacprzak',1,0,0.00,0),(137,173585,'','Laurie Falcone',1,0,0.00,0),(138,205328,'$2y$10$icz3wNam1/sQgEWNIiaukucefV4ds9mvj6tvAcm8Ofzq8Uhit6z8e','Quentin Brabant',1,1,0.10,1),(139,206000,'$2y$10$BgO6MJOQ9Y7rmHB7mLD5x.67/tEF42S7oiq6yVrNa5ZDw8HfV9vRa','Nathan Zwahlen',1,0,0.00,1),(140,203198,'','Nicolas Marie',1,0,0.40,0),(142,172590,'','Noé Berro',1,0,0.00,0),(143,205417,'$2y$10$qY5GY8IbYPGHUTJQ0d411ugFu3hdQbgzOxiWL/NEtAlRalsBkHUK6','Tristan Brault',1,0,7.30,1),(144,181683,'$2y$10$tHdJoyeWoqu4XxOB/TyoNe8Z2tNjtphe4sPwXu4Vtsw9EP7KEiZFy','Théo Dujon',1,0,1.00,1),(145,205484,'$2y$10$12iprOgLHLxTZ/qMaiWxTOJ4RTVxJcuKYv4t06Scxk7n9CJGMixbS','Benjamin Quiédeville',1,0,6.20,1),(146,202573,'','Louise Flon',1,0,0.00,0),(147,205645,'','Quentin Baune',1,0,0.00,0),(148,2105471,'$2y$10$Nd27Tb9EScG0BsPE9MhwUunnuNw.mx00eFemUTlIDMK63aSXu8CkW','Némo Demarquay',1,0,1.90,1),(150,205929,'$2y$10$pGjI.FVeN21c50kRG1tuau.mIxRErL.ImSfVE84CBr2cHLZnUsfv6','Robin Richert',1,0,18.60,1),(151,2104652,'$2y$10$VP/G4cFeklH95W6lc4mEYu2q73mCXK1ifabfNRJlNPbVvBoJzz38i','Younes Saadaoui',1,0,0.10,1),(152,190222,'$2y$10$0gKxIo2paOCpScM9F/dNT.cfLnTvh3gxlYVYVSJu8R1gcwXOcxdaO','Baptiste Fourrier',1,0,3.30,1),(153,2105400,'$2y$10$CkIf4A.PoQzD/izhvkyiaOU9lWWMxg0wd3VWbLwGA/YMrQmoqre.i','Baptiste Morée',1,0,0.00,1),(155,193166,'$2y$10$CoO7.l0E6Z8E0/P7TKBdc.wxN4cdtr96qBu8Z.hhN6mPCi6yuq.Jq','Eliot Navière',1,0,0.00,1),(157,181619,'','Don Daham',1,0,0.00,0),(158,191896,'','Liz Hirtzig',1,0,0.00,0),(159,2105043,'$2y$10$pL01OVMVPP0Hy1B8Wq/KK.SuunWOtYCmwvNz2TMckl6n5iNEPcahe','Hugo Soul',1,0,32.70,1),(160,191136,'','Antoine Stanislas',1,0,0.00,0),(161,183307,'$2y$10$VVQSoaXN04/rv15GTCsPmeo8ORMKLeQ65whrgCk.HCT5BbrZvN0ju','Lucile Naudat',1,0,0.00,1),(164,5449,'','Valentin Boyet',1,0,0.00,0),(166,205925,'$2y$10$r9QAA2ysduTp3FtsngBDlO6Ap7QOWlvX4CC3mXQtriD85dhfB.pye','Emma Thomas',1,0,4.40,1),(167,181470,'','Caroline Marquis',1,0,0.00,0),(169,2105458,'$2y$10$L3QseOZirVRJGiesle8KFuoSAbQLghLrYB8zukohW7Ill25LQD1re','Marie-Claire Sorlier',1,0,4.50,1),(172,195066,'','Nael Messaoud',1,0,5.50,0),(173,192010,'','Jasmin Messaoud',1,0,0.00,0),(176,210340,'$2y$10$dDxSV2Z5GrqgFf2r3rKpB.mP3CTwDT9dKd33aETnc4I0iXMcTci7.','Camille Urban',1,1,0.00,1),(177,202628,'$2y$10$9OIyobHSNOGs4AKlh.E.QORhlIipevD0ei1JOlxFUvOkY1Sr6cJwG','Angelin Vial',1,0,0.00,1),(180,215457,'$2y$10$V7GGFF0meoSwYf7bp/U3jep4cqF7gRDy5i0VvsZYT2w.2Vr36IVae','Florian Bauge',0,0,5.00,1),(179,214530,'$2y$10$5p9iG4ith5y.OLG5WBAK4O8j2Fkpf9KJbgVZmNZQ6srG4ES5cpJ92','Baptiste Jourdes ',0,0,8.80,1),(181,190597,'$2y$10$pAT86iKN7UtsLwoiEJtOrOQ8NPV8/nRXRwZUpqHUZfNeGP084Om9O','Gwendal Le Berre',0,1,0.60,1),(182,190472,'$2y$10$ai7poDYylLv59/fjV2bm2ulJj63zQxB//8N34R9Exxx8RKBoe113a','Romain Huet',0,0,4.30,1),(183,2105406,'$2y$10$cyrGS5zRcjgEXZlPrs4t3O8m5jPlSu1mjsUn8k/efbNuBXuCMYVz.','Théo Petit',0,0,5.00,1),(184,2105400,'$2y$10$CkIf4A.PoQzD/izhvkyiaOU9lWWMxg0wd3VWbLwGA/YMrQmoqre.i','Clément Cochener',0,0,0.00,1),(185,183639,'$2y$10$4MeU2YpDiqVv9K6Jg8MNj.2nweoWM2M9GGlNcbac0/XvlchnqGm0i','Lionel Maurin',0,0,0.30,1),(190,203187,'$2y$10$BvpYu7Gtao5rmlFXtGCoxectjVsOMupW8eACG.Euit9TRkOztVknO','Sam Espallac',0,0,0.20,1),(188,196697,'$2y$10$yWrMIjimKr6amTf8xgflh.Djdyv6/NlA1CaVdM31TsiCzcIy1pPJC','William Guy',0,0,5.00,1),(189,193362,'$2y$10$OaP0aAGIBYD5E9m5.KdvruRGEWemh/4hBiTIpIv5K.ISQSAFL5nty','Lucas Barbier',0,0,7.70,1),(191,205195,'$2y$10$dqVqfSWjJG9j.Jnm1l1quuDWteq6IMx1yHG5r7HMmDpBl/O2E7kg6','Tom Pouderoux',0,0,4.80,1),(192,206022,'$2y$10$Ashzjv0GOC1nAe5jn3kTMu1MVF59hkAvDIC3wqMLsO1dMWvN6LSWK','Nathanaël Mauligalo',0,0,5.20,1),(193,2104759,'$2y$10$G/UrDJR30DESXFIfchpmquW74xMHq62YjWrjVVPLh6GrVvmPuAEfS','Lisa Ginestet',0,0,2.40,1),(194,2103466,'$2y$10$5xRNdYySrYn5hyPXM26Qn.t8WpC.3L0byGfrNHNng1OrvfYQrUovi','Lori Chahbazian',0,0,0.00,1),(195,190141,'$2y$10$lO3Y/E26v3.GwL6MiRYf3OeCm9D5mUMLYWHbYIi6lK4ufJQNamzaa','Mathias Maillard',0,0,0.50,1),(196,212442,'$2y$10$HKuFTA5Z6GML/qj1br6/kuPWf4Ge2h1B1998C9Z5nvRYNQTJ4iQhu','Anouk Ruguiere',0,0,0.30,1),(199,184022,'$2y$10$MZ5wV91l7dH/6bH4cRyNB.RnG3I0qSLG4q8TWIb/v4.s4hZ47dxPG','Pierre-Evan Gaveau',0,0,2.40,1),(198,204338,'$2y$10$BQNWkrYGxx11u80F.LNMn.IVGJzLeKG9l1QljaDdl4dEwAwaUQKwa','Benjamin Fiard',0,0,4.60,1),(200,200923,'$2y$10$MoH2oQv8NDVHTYnUnEZ7cehax8tkPX/6Lg2TlR.q6i1wVvwIR5LiK','Tristan Beaudoin ',0,0,2.70,1),(201,2104744,'$2y$10$wPqhqFLfyao0i5Hfa92m9e9w31fo8/n2nH33uf4bnENwqxjvXmVFa','Guillaume gros ',0,0,2.00,1),(241,205921,'$2y$10$VqHpFa1x13k9rxo0DpTs9u8LRYUBHJpikSssl1pnZtCNDnXnhi0C.','Arthur Chavaroc',1,0,0.50,1),(203,203535,'$2y$10$stJKzf7OfqaAoiMNk7dzKuIe3RfxEYypGtjC8oM5pI/jc7EUooY3O','Aloïs Mourieras',0,1,6.10,1),(204,201841,'$2y$10$oX6a/7ET1miHgk215v4.pOBdnIMbhILf3pt5ZLKagM8kFRQcAtIba','Victor Leblanc',0,0,0.10,1),(205,200212,'$2y$10$IocVqbEGd5.iKW6THCwbZe235lNiaxk0CHy9BYQlXdnWOkHVVajfy','Quentin Grégoire',0,0,1.50,1),(206,192019,'$2y$10$B7.owZej8ngmF2WAWZLFIei1LUaw6jdZMzn9IEFHntpllyCOnAgrO','Susie Rousseau',0,0,0.00,1),(207,2105425,'$2y$10$Jz3YxF6xEsOrW.IJPNo5GuEchBNNazljFJ3HM3D64V0bXyOzBh9aO','Clara Duivon',0,0,7.20,1),(208,214614,'$2y$10$/pPDVGN8Kj2SpRocWNsszOU39Vl4U8qlQfG0yaRqUstp./6.49QeW','Clément Jamelot',0,0,6.70,1),(209,2103689,'$2y$10$Y8x3yYPrl3VmFLIW8sMvbOOLqWOSCkWYKnEhcb7JbbzdrZJ3xyejm','Tanguy Bausson',0,0,7.50,1),(210,180693,'$2y$10$WEVdDSIzWHMKq3r2J6yXO.vecB6jBA0R4UZBcm9wA.0oD8dScCAri','Théophile Sauvé',0,0,0.00,1),(211,190833,'$2y$10$tx9uCFC6.wlM00z61j9sdeOjl.dBA3PH8CPxEN3KADEsqCouXwG0.','Thomas Humeau',1,0,11.80,1),(212,180164,'$2y$10$A5u65RkJjDEWondeEG9v5OZ635.Tq5peHQEbjH.zumrbyyLZJCV7S','Lucile Astoul',0,0,4.30,1),(213,2105104,'$2y$10$UFFV9MJPJ8Qu4cAL9Z5wluLe6ZKa97C9bU0BDlWVkcx/XtRv96i2q','Alban Godart',0,0,2.90,1),(238,2105043,'$2y$10$pL01OVMVPP0Hy1B8Wq/KK.SuunWOtYCmwvNz2TMckl6n5iNEPcahe','Hugo Soul',1,0,0.00,1),(214,190308,'$2y$10$zKTSsEUY.n0cgdofAei8v.WRPAGNmHvvXiW5mewZums3YSd.vqAmO','Gentil Alexandre ',0,0,3.90,1),(215,192761,'$2y$10$VaqIUppEBzhc4C/.ATn3iOEu71JU8AFY9WdN1KdIlltO/scVZEABy','Théo Baron ',0,0,0.00,1),(216,192761,'$2y$10$VaqIUppEBzhc4C/.ATn3iOEu71JU8AFY9WdN1KdIlltO/scVZEABy','Théo Baron ',0,0,0.00,1),(217,2105167,'$2y$10$YbWKYpXVo8XHF8rD.aNiH.4iou9iyBhsXJE/zgQ2EAawsA8cbvbta','Emma Loisy',0,0,1.60,1),(218,191084,'$2y$10$hg39spwSHq9q9ByRuqEMcui7OuDbn5EZB7oGEo//uc84ocWMlrVsS','Cédric Conte-Tisnerat',0,0,0.30,1),(219,205327,'hvopZw','Lisa Roussel',0,0,0.00,0),(220,205384,'$2y$10$n64gVH92eHzMHCLOPCW4cO0MnqjZk.Uvn9uPAQKM4RxhOJ0em/xmu','Lennig Gullon',0,0,2.70,1),(221,200130,'$2y$10$AOerzymZL4Hwv8cyR9g8ve9O/VPwZD6HYXe.yc/tRrzYE255DPt26','Sidonie Brault',0,0,1.00,1),(222,2105456,'$2y$10$3DBPjeWvYWk.YBMT2Mb/P.SZvSRlQjZmZVUIiTE8FYT5TXEWpPVbe','Thomas Veau',0,0,0.00,1),(223,205641,'$2y$10$KV4U3p3ogW4a./EnOP1zq.Lx5pAAhamt7t9XNca/8dgz3ioID1maW','Luc Baussan',0,0,11.00,1),(224,202822,'$2y$10$ZCY7y95u9b.y.AldY1YSaOEij/N043RYZfrUgxuLXwKbs1IyGjt82','Hugo Perrier',0,0,0.50,1),(225,2105117,'$2y$10$rS1pIEl2cg5dJjSCESZ5xuxS.4m8XGPrPCxdv973L.SAN0E9SRhBG','Valentine Quinzan',0,0,0.00,1),(227,215211,'$2y$10$9NQBLLZZy.0Zwt9OVAqeuuQcz/e02xl8WM9SGPqa0DQmmUMi/uTn.','Julien  Lambrinos',1,0,0.70,1),(228,191038,'$2y$10$cDni7lX564flPbG2.LG6oe9rxn1iMrv8Va8L018MbL035djiJqytS','Arthur Galpin',1,1,3.20,1),(229,210545,'ZrGVk@','Armand Compain',1,0,0.00,0),(230,210247,'eK##q*','Axel Deschaux',1,0,0.00,0),(231,12345,'$2y$10$U2ccr7ZDtq8aHE7j/GQfAeQTawCurhVxC04ylqSuwyvDgcl7MJnEK','Daniel Keochlin',0,0,29.20,1),(240,206000,'$2y$10$BgO6MJOQ9Y7rmHB7mLD5x.67/tEF42S7oiq6yVrNa5ZDw8HfV9vRa','Nathan Zwahlen',1,0,0.00,1),(239,2104578,'$2y$10$KQ1Q59mEZJQnO6puH4dGFOs3oI0S8tXxU9nPdUQQD7kKPohknWwmG','Julien Etcheverry',0,0,0.00,1);
/*!40000 ALTER TABLE `users` ENABLE KEYS */;
UNLOCK TABLES;
/*!40103 SET TIME_ZONE=@OLD_TIME_ZONE */;

/*!40101 SET SQL_MODE=@OLD_SQL_MODE */;
/*!40014 SET FOREIGN_KEY_CHECKS=@OLD_FOREIGN_KEY_CHECKS */;
/*!40014 SET UNIQUE_CHECKS=@OLD_UNIQUE_CHECKS */;
/*!40101 SET CHARACTER_SET_CLIENT=@OLD_CHARACTER_SET_CLIENT */;
/*!40101 SET CHARACTER_SET_RESULTS=@OLD_CHARACTER_SET_RESULTS */;
/*!40101 SET COLLATION_CONNECTION=@OLD_COLLATION_CONNECTION */;
/*!40111 SET SQL_NOTES=@OLD_SQL_NOTES */;

-- Dump completed on 2022-06-19 16:21:11
